,ATTX.CRPC.102,ATTX.CRPC.107,ATTX.CRPC.29,ATTX.CRPC.35,ATTX.CRPC.36,ATTX.CRPC.43,ATTX.CRPC.47,ATTX.CRPC.78,ATTX.CRPC.81,ATTX.CRPC.89,ATTX.ENZR.100,ATTX.ENZS.101,ATTX.ENZR.103,ATTX.ENZR.104,ATTX.ENZR.105,ATTX.ENZS.106,ATTX.ENZS.17,ATTX.ENZR.21,ATTX.ENZR.23,ATTX.ENZS.28,ATTX.ENZR.33,ATTX.ENZS.45,ATTX.ENZS.49,ATTX.ENZS.56,ATTX.ENZS.57,ATTX.ENZS.6,ATTX.ENZR.64,ATTX.ENZR.65,ATTX.ENZR.72,ATTX.ENZR.75,ATTX.ENZS.76,ATTX.ENZS.79,ATTX.ENZS.80,ATTX.ENZR.87,ATTX.ENZR.94,ATTX.ENZR.95,ATTX.ENZR.98,ATTX.PRE-CX.111,ATTX.PRE-CX.112,ATTX.PRE-CX.4,ATTX.PRE-CX.5,ATTX.PRE-CX.53,ATTX.PRE-CX.58,ATTX.PRE-CX.62,ATTX.PRE-CX.67,ATTX.PRE-CX.9,ATTX.POST-CX.18,ATTX.POST-CX.44,ATTX.POST-CX.48,ATTX.POST-CX.66,ATTX.POST-CX.86,ATTX.POST-CX.91,ATTX.POST-CX.92,ATTX.POST-CX.99
VE-822,-1.051,-0.7145,0.6224,-0.3913,0.09971,-0.2495,-0.2694,-0.3103,-0.5212,0.9922,-0.5501,0.7047,0.1027,-0.8972,0.7071,0.6382,0.918,0.2467,0.2414,0.6198,0.2322,0.7234,0.7392,0.8387,0.7158,0.7871,0.592,0.695,0.4082,-0.8546,0.6571,0.7292,0.7174,-0.2006,-0.2866,0.6079,0.7788,-0.6565,-0.04093,-0.4162,-0.178,0.4413,-0.1343,0.3086,-0.8367,-0.8602,-0.8265,-0.8807,-0.2918,-0.3138,-0.7369,0.08688,0.0209,0.402
I-BRD9,-0.9435,-0.8482,0.283,-0.56,-0.179,-0.1037,-0.3241,-0.5676,-0.515,0.8008,-0.5269,0.4211,0.4425,-0.8564,0.5536,0.1406,0.8858,0.2945,0.229,0.6814,-0.2819,0.02728,0.8851,0.7095,0.7158,0.8597,0.498,0.6957,0.296,-0.9206,0.7745,0.5787,0.6898,-0.3667,0.2584,0.4661,0.8541,-0.409,-0.3565,-0.5089,-0.5395,-0.07255,0.003704,-0.6661,-0.5766,-0.5809,-0.9333,-0.6061,-0.2309,0.2378,-0.7352,-0.2394,0.01276,0.5313
PCI-34051,-0.928,-0.952,0.199,-0.2964,-0.3288,0.08492,0.005571,-0.6848,-0.2771,0.7002,-0.7716,0.299,0.6542,-1.039,0.4942,0.4889,1.015,0.3158,0.4739,0.5897,-0.04402,0.4119,0.6514,0.7804,0.5826,1.002,0.153,0.3899,0.3102,-0.8133,0.6515,0.4064,0.6193,0.01591,0.4651,0.6176,0.745,-0.3429,-0.2082,-0.5444,-0.1544,-0.003792,0.1502,-0.2111,-0.4829,-0.5707,-0.6258,-0.545,0.3244,-0.1237,-0.7464,0.2289,-0.2285,0.006187
PD173074,-0.9217,-0.9211,-0.3709,-0.3707,-0.2771,0.01705,-0.323,-0.2452,-0.6987,0.7024,-0.6111,0.3872,0.3859,-0.8066,0.7935,0.2519,0.8747,0.09917,0.3036,0.5439,-0.308,0.4032,0.8026,0.6736,0.7042,0.7466,0.2733,0.5266,0.2185,-0.5112,0.7418,0.4662,0.788,-0.1502,-0.03751,0.649,0.8287,-0.3238,-0.3526,-0.5638,-0.5126,-0.3236,0.1532,-0.1661,-0.4886,-0.6623,-1.093,-0.8861,-0.1045,-0.2264,-0.268,0.2697,-0.2806,0.3601
GSK1904529A,-0.909,-0.9613,0.08867,-0.6025,-0.5216,-0.07753,-0.2013,-0.7451,-0.8834,1.002,-0.7113,0.1125,0.2254,-0.7282,1.051,0.435,1.081,0.1905,0.5572,0.7022,0.2923,0.8844,1.251,1.164,0.8511,0.9458,1.028,0.885,-0.1828,-0.3808,1.411,0.6715,1.131,0.1827,-0.09767,0.7334,1.002,-0.3813,-0.6923,-0.5397,-0.4799,-0.4605,-0.09366,0.1662,-0.1304,-0.2965,-0.8679,-0.7075,0.2324,-0.5394,-0.6203,0.3384,-0.2781,0.2009
Crizotinib,-0.9033,-0.3309,0.5507,-0.4873,-0.1156,-0.1384,-0.09585,-0.5536,-0.6402,0.8047,-0.8597,0.612,0.439,-0.7448,0.5728,0.5434,0.9631,0.3062,0.5045,0.7503,0.09593,0.2443,0.8108,0.76,0.5216,1.044,0.4615,0.3532,0.1617,-0.6383,0.8763,0.753,0.8269,0.00824,-0.2581,0.5101,0.748,-0.1583,-0.1432,-0.3613,-0.2718,0.09674,0.05656,0.3026,-0.0635,-0.3482,-0.6092,-0.5,-0.08907,-0.2631,-0.6539,0.1969,-0.2818,0.05797
Paclitaxel,-0.8903,-0.6478,0.3864,-0.544,-0.2579,-0.2391,-0.1459,-0.7646,-0.5125,1.031,-0.8177,0.3538,0.2411,-0.7615,0.8955,0.7313,1.23,0.1944,0.7249,0.9435,0.2796,0.5795,1.166,1.328,0.8055,1.007,0.9042,0.7947,-0.2646,-0.1505,1.175,0.8665,1.206,-0.05064,-0.3948,0.9655,1.109,-0.6883,-0.5869,-0.2511,-0.5144,0.1266,-0.2722,-0.002211,-0.4741,-0.2368,-0.8138,-0.6947,-0.0803,-0.448,-0.6083,0.1658,-0.5848,0.04195
Alisertib,-0.8834,-0.5105,0.3766,-0.1744,-0.4193,0.001607,0.2475,-0.5711,-0.4153,1.124,-1.09,0.3838,0.4466,-0.9616,0.9097,0.6639,1.126,0.2367,0.4323,0.6665,0.4389,0.6162,0.9802,1.1,0.818,0.9225,0.7514,0.4947,0.1141,-0.359,1.102,0.8201,0.8081,0.1435,0.5148,0.5338,0.9353,-0.1461,0.02504,-0.3732,-0.04355,0.4995,0.4649,0.1626,-0.1682,-0.2961,-0.8901,-0.7146,0.1464,-0.445,-0.6321,0.1135,-0.3166,-0.06086
AZD5438,-0.8556,-0.6893,0.3669,-0.4861,-0.07516,-0.2879,-0.1732,-0.4354,-0.6703,0.8121,-0.6318,0.4581,0.1715,-0.63,0.5312,0.326,1.117,-0.1806,0.1996,0.5813,-0.3242,0.6634,1.015,1.022,0.7304,0.7951,0.7258,0.5991,-0.007038,-0.7238,1.259,0.6809,0.8247,-0.2507,-0.3146,0.5014,1.012,-0.4988,-0.5776,-0.7358,-0.6863,-0.2402,-0.5773,-0.1866,-0.4862,-0.6619,-0.6034,-0.5659,-0.1683,-0.3889,-0.4985,-0.08656,-0.1684,0.4387
Olaparib,-0.847,-0.7619,-0.1459,-0.3039,-0.4956,0.3487,-0.02245,-0.6107,-0.5432,0.2618,-0.6144,0.0968,0.5798,-0.9251,0.6562,-0.1139,0.9019,0.2285,0.6303,0.5051,-0.3254,0.6361,0.7248,0.6804,0.6031,0.7491,0.5944,0.4692,0.2309,-0.2806,0.9834,0.4954,0.7687,0.2858,0.063,0.7238,0.728,-0.1559,-0.1156,-0.3006,-0.3975,-0.08312,0.009069,0.07515,-0.01557,-0.2582,-0.8151,-0.9008,0.3012,-0.7596,-0.7993,0.3885,-0.7425,-0.3951
Oxaliplatin,-0.8372,-0.5357,-0.2213,0.03364,-0.8439,0.09962,0.3523,-0.6322,-0.7179,0.6787,-0.8786,0.307,0.503,-0.7183,0.6906,0.4047,1.041,0.4885,0.5005,0.7458,-0.1933,0.7558,0.8153,0.8806,0.7381,1.036,0.5144,0.5879,0.3496,-0.3308,0.8319,0.6747,0.9353,0.3427,0.4384,0.6161,0.8521,-0.07666,-0.4155,-0.4812,-0.4874,-0.2565,0.3029,0.1807,0.07529,0.1007,-0.5377,-0.8118,0.3283,-0.6989,-0.8468,0.3141,-0.7183,0.0372
EPZ5676,-0.8345,-0.9332,0.1574,-0.6225,-0.4213,-0.06097,-0.05205,-0.527,-0.5048,0.6571,-0.7556,0.5122,0.5591,-0.8425,0.8035,0.1902,0.9615,0.03929,0.6267,0.5686,-0.3286,0.4852,0.9618,0.8324,0.4899,0.9064,0.4545,0.4545,0.1889,-0.3901,0.8619,0.6215,0.9675,-0.03375,0.2038,0.633,0.7342,-0.4301,-0.4761,-0.2914,-0.4392,0.1249,-0.01907,-0.05043,-0.2969,-0.6013,-0.828,-0.6422,0.03872,-0.2817,-0.4269,0.2171,-0.3097,0.2596
GSK343,-0.8189,-0.9371,0.3903,-0.5164,-0.277,0.09618,0.1516,-0.4188,-0.4626,1.081,-0.6138,0.5217,0.6399,-0.734,0.9507,0.2813,1.201,-0.2076,0.5266,0.6761,-0.3079,0.6529,1.168,0.9905,0.8177,0.976,0.5441,0.5134,0.1662,-0.2418,1.001,0.6507,0.9443,-0.1799,-0.1924,0.7814,0.8553,-0.01069,-0.3334,-0.1037,-0.4587,0.1317,0.1052,-0.08577,-0.1531,-0.3141,-0.7478,-0.4091,0.04006,0.1519,-0.294,0.1405,0.0491,0.5794
LJI308,-0.8001,-0.7733,0.1977,-0.4965,-0.5848,-0.2699,-0.2072,-0.435,-0.4171,0.5891,-0.6194,-0.1519,0.4596,-0.653,0.7588,-0.05923,0.8772,0.09411,0.196,0.4582,-0.4847,0.9487,0.8094,0.7864,0.5675,0.6822,0.2368,0.6009,0.4858,-0.5593,0.8052,0.3087,0.8659,-0.2373,0.04209,0.5037,0.772,-0.03247,-0.1805,-0.3477,-0.1356,0.09636,-0.1821,0.1524,-0.1356,-0.3169,-0.694,-0.5318,-0.1793,-0.01093,-0.6249,-0.07774,-0.2198,0.3894
Talazoparib,-0.7921,-0.5899,0.251,-0.1839,-0.5979,0.5457,0.1841,-0.4933,-0.3798,0.4987,-0.5909,0.3124,0.4771,-0.8535,0.4462,0.1331,0.8557,0.4452,0.4274,0.5665,-0.007115,0.5461,0.4655,0.6125,0.5152,0.6296,0.5021,0.3882,0.2187,0.02447,0.4855,0.4527,0.5611,0.2705,0.1609,0.4937,0.486,-0.00427,0.07543,-0.1368,-0.2108,0.1028,0.2162,0.2914,0.2522,0.109,-0.5041,-1.101,0.3284,-0.7606,-0.8618,0.3279,-0.6768,-0.2619
AGI-6780,-0.7894,-0.8193,-0.1593,-0.8027,-0.569,-0.4614,-0.4697,-0.6524,-0.521,0.6855,-0.675,-0.374,0.466,-0.7002,0.8053,-0.1374,1.147,0.1344,0.5241,0.6029,-0.5926,0.6004,1.302,1.089,0.8329,1.008,0.6039,0.8312,0.4693,-0.8269,1.432,0.4974,1.088,-0.1899,0.4966,0.7607,1.039,-0.4503,-0.2371,-0.3952,-0.4459,-0.08595,-0.5342,-0.2095,-0.3722,-0.8132,-0.4703,-0.2617,-0.2294,-0.1847,-0.4529,0.1333,-0.2252,0.3114
BMS-345541,-0.7802,-0.6564,-0.02615,-0.3273,-0.6224,-0.1108,-0.1493,-0.7181,-0.5857,0.5432,-0.821,0.487,0.8751,-0.9046,0.7391,-0.09426,1.294,0.02233,1.032,1.015,-0.491,0.1888,1.241,0.6737,0.6326,1.104,0.5859,0.543,0.3205,-0.5297,0.806,0.7044,1.174,-0.009699,-0.3029,0.6924,0.7965,-0.2707,-0.4208,-0.5017,-0.359,-0.125,0.01889,0.1695,-0.2356,-0.3674,-0.7295,-0.5934,0.05553,-0.4594,-0.6312,0.3367,-0.4386,-0.2787
Linsitinib,-0.7771,-0.7862,0.0208,-0.5603,-0.543,-0.2216,0.1804,-0.4505,-0.3151,0.5053,-0.6785,0.3466,0.3092,-1.106,0.3211,0.3859,0.89,0.09579,0.4024,0.8263,0.2048,0.4029,0.9606,0.7206,0.3381,0.755,0.6538,0.6447,0.2719,-0.5647,0.7026,0.6314,0.8167,-0.2739,0.3206,0.4922,0.4921,-0.0213,-0.1172,-0.4562,-0.301,-0.04202,-0.1785,-0.2853,-0.5421,-0.4802,-0.7589,-0.46,-0.2891,-0.5087,-0.8184,-0.112,-0.6388,-0.5268
Wee1 Inhibitor,-0.7692,-0.7566,0.2533,-0.4973,-0.3829,0.03724,-0.3609,-0.6194,-0.6572,0.7547,-0.6395,0.3186,0.5113,-0.7644,1.294,0.143,1.064,0.05183,0.6223,0.7915,-0.3418,0.8695,1.27,1.432,1.167,0.9836,0.5375,0.567,0.08265,-0.2448,0.7457,0.8617,1.349,-0.2261,-0.2658,1.104,0.98,-0.549,-0.638,-0.6822,-0.6156,-0.36,-0.1529,-0.4159,-0.5046,-0.494,-0.6537,-0.6428,-0.2552,-0.4281,-0.5101,0.007326,-0.3538,0.04415
Irinotecan,-0.7685,-0.7002,-0.02381,-0.2165,-0.6359,0.4838,0.02568,-0.6373,-0.642,0.5795,-0.62,0.1835,0.6918,-0.7842,0.6955,0.0924,1.121,0.2267,0.4147,0.7005,-0.4873,0.5393,0.6111,0.8309,0.3655,0.828,0.2724,0.03954,0.2453,0.2077,0.3855,0.7573,0.8573,-0.04922,0.1623,0.6708,0.4654,-0.09407,-0.2507,-0.1185,-0.4098,-0.2737,0.09184,0.2265,0.2502,-0.01169,-0.6253,-0.7321,0.2059,-0.685,-0.6717,0.1479,-0.5966,-0.1228
Palbociclib,-0.7632,-0.7635,0.4628,-0.572,-0.1616,0.109,-0.1577,-0.3784,-0.58,0.6861,-0.9653,0.7914,0.4884,-0.8613,0.6076,0.4953,0.9707,0.4047,0.6477,0.8281,0.3341,0.5123,1.003,0.8664,0.7864,0.9249,0.6394,0.8427,0.3315,-0.53,0.8227,0.6105,0.7346,-0.02372,-0.2909,0.6625,0.9041,-0.606,-0.401,-0.5303,-0.3584,-0.1273,-0.3738,-0.1707,-0.4018,-0.5492,-0.9232,-0.7282,0.04205,-0.5861,-0.746,0.2586,-0.3101,0.4959
MK-1775,-0.756,-0.4738,0.3564,-0.408,-0.3245,0.4532,-0.06273,-0.6677,-0.5557,0.8729,-0.8132,0.8489,0.4478,-0.7941,0.7439,0.3613,1.192,0.1772,0.9597,1.25,0.5351,0.5454,0.9303,0.8911,0.8253,0.6436,0.7003,0.5606,0.1268,-0.2207,0.8064,0.7624,0.8686,-0.2014,-0.265,0.5751,0.6727,-0.682,-0.4758,-0.6903,-0.5072,-0.3967,0.3092,-0.401,-0.5904,-0.421,-0.8209,-0.8356,-0.3297,-0.6306,-0.7176,0.1418,-0.6327,-0.5559
Carmustine,-0.7471,-0.4264,-0.1531,0.1731,-0.2041,0.1837,0.2076,-0.679,-0.6802,0.9185,-0.637,0.2164,0.3098,-0.6173,0.5564,-0.1205,0.8375,-0.2718,0.5053,0.5807,-0.7548,0.6165,0.8436,0.7163,0.6536,0.9229,0.3311,0.5215,0.1614,-0.2933,1.132,0.2896,0.8976,0.1843,0.1556,0.2833,0.9735,0.1098,-0.4452,-0.563,-0.5394,-0.3898,0.2382,-0.2291,-0.0275,0.1601,-0.2982,-0.6463,0.2986,-0.5241,-0.5072,0.2031,-0.3536,0.1413
AZD6738,-0.7436,-0.3871,0.596,-0.5354,-0.4055,-0.0681,-0.2114,-0.1554,-0.5685,1.138,-0.7473,0.558,0.03449,-0.8895,0.701,0.4211,1.02,0.3015,0.3442,0.6885,0.3967,0.6376,0.9009,1.001,0.8038,0.6223,1.013,0.6882,0.1332,-0.4057,0.8521,0.7608,0.7319,-0.3424,-0.3034,0.7396,0.5736,-0.588,-0.2605,-0.4868,-0.4185,0.004852,-0.328,0.4513,-0.4482,-0.6114,-0.6265,-0.7046,-0.3926,-0.02211,-0.6403,-0.04122,-0.3401,0.09382
I-BET-762,-0.7433,-0.7069,0.1868,-0.4706,-0.2077,-0.0002057,-0.1016,-0.6044,-0.3285,0.6375,-0.6354,0.5314,0.3425,-0.6412,0.4795,0.3888,0.9299,0.4056,0.4707,0.6964,0.1399,0.2359,0.8093,0.37,0.3175,0.9833,0.3669,0.2953,0.7248,-0.5951,0.6221,0.7418,0.3493,-0.2118,0.1704,0.4104,0.7615,-0.1401,-0.4084,-0.6367,-0.4545,-0.3364,0.1407,-0.1761,-0.4376,-0.4611,-0.6757,-0.4749,-0.04497,-0.1368,-0.6792,-0.2566,0.1189,0.4645
Docetaxel,-0.743,-0.64,0.1494,-0.4777,-0.4272,-0.1008,-0.2332,-0.7644,-0.3896,0.8846,-0.741,0.2285,0.323,-0.7316,0.911,0.567,1.155,0.1641,0.8007,0.9087,0.2424,0.5077,1.071,1.117,0.8645,1.006,0.8213,0.6357,-0.2614,-0.1266,1.194,0.7737,1.037,0.1619,-0.4012,0.9304,1.109,-0.5894,-0.5317,-0.2121,-0.3874,-0.0994,-0.3207,-0.0383,-0.2598,-0.09832,-0.7654,-0.6167,0.06803,-0.395,-0.5688,0.2738,-0.5542,-0.04369
Gemcitabine,-0.7411,-0.5975,0.008626,-0.2756,-0.7446,0.4843,0.009499,-0.6259,-0.5308,0.4402,-0.7939,0.3436,0.4198,-1.018,0.2693,0.1143,0.8484,0.3333,0.2626,0.8296,-0.2948,0.2438,0.5328,0.5397,0.3421,0.3262,0.3796,0.2813,0.1139,-0.2016,-0.1388,0.3191,0.549,-0.00174,0.3952,0.1834,0.2651,-0.27,0.0216,-0.3074,-0.1578,-0.1168,0.3325,0.2561,0.06089,-0.06992,-0.5904,-0.8668,0.1537,-0.7234,-0.7861,-0.07453,-0.5854,0.2411
Dactolisib,-0.7405,-0.4331,0.4293,-0.3342,-0.485,-0.5004,-0.282,-0.4114,-0.7749,0.8598,-0.7896,0.3724,0.3843,-0.5138,0.97,0.304,1.182,0.1775,0.6776,0.774,-0.183,0.2207,1.059,1.033,0.7787,0.6899,0.8409,0.4399,-0.3117,0.05933,0.9382,0.5225,0.7883,-0.09043,-0.5251,0.7628,0.5241,-0.4925,-0.5442,-0.3487,-0.6743,-0.4922,-0.5585,-0.01862,0.1087,-0.3121,-0.6304,-0.5189,-0.1335,-0.1776,-0.4211,0.1278,-0.0402,0.6984
Epirubicin,-0.7376,-0.6724,-0.08031,-0.1533,-0.5257,0.4641,0.1021,-0.5154,-0.5274,0.1833,-0.5698,0.2204,0.5518,-0.8507,0.2293,-0.0004934,0.9804,0.3325,0.5913,0.6219,-0.267,0.2707,0.3633,0.5272,0.3707,0.4072,0.2159,0.08834,-0.1613,-0.4641,0.3324,0.4078,0.5056,0.2325,0.06632,0.3798,0.4012,-0.3884,-0.3251,-0.4089,-0.4508,-0.3261,-0.1633,0.1483,0.01296,0.03561,-0.6457,-0.7967,0.393,-0.5647,-0.6812,0.3249,-0.4805,-0.2134
Temozolomide,-0.7375,-0.6165,0.02689,-0.2981,-0.5315,0.2677,0.03147,-0.5273,-0.6608,0.6167,-0.6139,0.01057,0.6086,-0.6008,0.5856,-0.3268,0.8537,0.07188,0.4347,0.5738,-0.7871,0.5811,0.6994,0.5199,0.6296,0.6748,0.1252,0.3355,0.4483,0.1739,0.9647,0.3811,0.7344,0.002736,0.5655,0.4073,0.7515,0.1676,-0.2546,-0.3022,-0.5975,0.1311,-0.03991,0.2091,0.3345,-0.05847,-0.5609,-0.4647,0.2235,-0.2345,-0.6308,0.2418,-0.4248,0.3979
Mitoxantrone,-0.7324,-0.5662,0.1758,-0.1792,-0.1972,0.4017,0.1377,-0.4778,-0.3838,0.5337,-0.4875,0.4289,0.6661,-0.8669,0.2761,0.3016,1.143,0.4274,0.7405,0.8777,-0.2311,0.1534,0.6376,0.6991,0.5125,0.7376,0.4314,0.1708,0.06476,-0.2443,0.2808,0.5626,0.5949,-0.04441,0.08248,0.5968,0.504,-0.2321,-0.2591,-0.2189,-0.4752,-0.3623,0.03295,0.2927,0.1791,0.06781,-0.4952,-0.763,0.2014,-0.6338,-0.6863,0.1979,-0.1359,-0.07624
YK-4-279,-0.7324,-0.5986,-0.0349,-0.4307,-0.1423,0.1861,-0.08867,-0.6119,-0.6344,0.8259,-0.7891,-0.2773,0.6784,-0.6806,0.9941,0.1205,1.123,-0.2864,0.8482,0.7904,-0.4091,0.6274,0.9648,1.118,0.9567,0.9998,0.8964,0.6767,-0.2069,-0.1875,1.534,0.474,1.043,0.2798,-0.3413,0.8848,1.096,-0.4787,-0.6087,-0.6004,-0.5943,-0.5014,0.001355,-0.1451,-0.3558,-0.1871,-0.8248,-0.6754,0.3203,-0.7638,-0.725,0.5905,-0.6653,-0.3982
Dactinomycin,-0.727,-0.6687,-0.04432,-0.4145,-0.5847,0.2168,-0.182,-0.6385,-0.4217,0.5269,-0.6859,0.2684,0.4023,-0.7378,0.4424,0.1834,0.8256,0.1711,0.4351,0.7368,-0.1966,0.2658,0.6256,0.5957,0.5899,0.7077,0.2798,0.2925,0.06757,-0.3182,0.7966,0.396,0.4548,0.08647,-0.3163,0.3726,0.6567,-0.396,-0.5365,-0.4074,-0.4135,-0.5527,-0.3546,-0.04349,-0.08044,-0.1243,-0.7149,-0.691,0.2202,-0.5524,-0.6194,0.09276,-0.5056,0.01735
Pyridostatin,-0.7251,-0.7324,0.00588,-0.1573,-0.3303,0.0292,0.1342,-0.6574,-0.3982,0.5303,-0.52,-0.1706,0.593,-0.7449,0.4962,-0.1827,0.9245,0.2059,0.6497,0.5289,-0.2218,0.06048,0.4834,0.4673,0.433,0.5108,0.1997,0.1801,0.05534,-0.2712,0.6985,0.4184,0.4416,0.1312,0.1617,0.449,0.462,-0.3336,-0.5187,-0.5427,-0.5707,-0.1861,0.126,-0.4501,-0.1793,-0.008741,-0.5526,-0.6369,-0.1382,-0.2088,-0.4871,0.1845,0.01135,0.3339
Sinularin,-0.7203,-0.6186,0.2318,-0.1085,-0.1985,0.1753,0.519,-0.6862,-0.6048,0.6589,-0.605,0.4159,0.8275,-0.456,0.521,0.2462,0.9101,-0.1682,0.7632,0.9817,-0.1749,0.2663,0.4795,0.4935,0.3192,0.8836,-0.2305,0.4203,-0.4555,0.108,0.7691,0.5023,0.7695,0.3282,-0.3836,0.7004,0.6775,-0.07349,-0.6145,-0.2577,-0.6545,-0.7314,-0.0934,-0.2874,0.1028,0.264,-0.7156,-0.6506,0.3121,-0.1311,-0.3398,0.4752,-0.276,-0.108
VE821,-0.7189,-0.6337,0.575,-0.3136,-0.01336,0.1932,-0.03036,-0.1952,-0.4876,0.9307,-0.6639,0.5712,0.1836,-0.8104,0.6386,0.6403,1.005,0.2988,0.4263,0.7761,0.1955,0.6066,0.7762,0.8554,0.7856,0.9012,0.5732,0.7393,0.3743,-0.83,0.7838,0.635,0.7269,0.05262,-0.1974,0.5981,0.8632,-0.5064,-0.236,-0.5848,-0.3267,0.201,-0.1275,-0.1497,-0.7373,-0.6226,-0.7067,-0.8366,-0.06884,-0.2338,-0.8199,0.2336,-0.2686,0.5482
Sabutoclax,-0.717,-0.7513,-0.1236,-0.2606,-0.5184,0.112,0.234,-0.7344,-0.3274,0.12,-0.6223,-0.1146,0.6916,-0.9598,0.4551,0.05302,1.098,0.2599,0.7936,0.6683,-0.1004,0.5038,0.703,0.721,0.5531,0.8354,0.4021,0.2533,-0.1047,-0.2562,0.5469,0.6062,0.8121,0.215,0.359,0.4595,0.7989,-0.3828,-0.5106,-0.1254,-0.3613,-0.227,-0.0589,0.02792,0.01243,-0.008462,-0.8546,-0.6213,0.3242,-0.457,-0.7096,0.2787,-0.4973,-0.2601
AZD5153,-0.7166,-0.28,0.0505,-0.116,0.02336,0.2622,0.1449,-0.5061,-0.1774,0.381,-0.3182,0.3921,0.4045,-0.3489,0.3199,0.1814,0.7944,0.5316,0.3629,0.5609,0.1281,-0.0374,0.8285,0.4434,0.4724,0.7512,0.4273,0.2895,0.4326,-0.6513,0.4605,0.5677,0.4521,0.05475,0.04028,0.3663,0.5611,-0.01775,-0.2458,-0.2933,-0.1946,-0.4261,0.09681,-0.135,-0.2706,-0.1276,-0.2783,-0.1211,0.1673,-0.0255,-0.5003,0.1289,0.1452,0.3302
GSK2578215A,-0.7109,-0.7498,0.239,-0.5924,-0.2758,-0.2976,-0.3032,-0.4151,-0.3648,0.6956,-0.6087,0.03387,0.3487,-0.8444,0.5027,0.05263,0.9279,0.1803,0.2649,0.2713,-0.3703,0.3572,0.7581,0.7465,0.4919,0.7028,0.2557,0.5563,0.5286,-0.9586,0.8924,0.2164,0.5731,-0.2734,0.3766,0.4927,0.7191,-0.3121,-0.05854,-0.4226,-0.2065,0.2488,-0.02464,-0.134,-0.6156,-0.7363,-0.6414,-0.6061,-0.4045,0.07218,-0.505,-0.2268,0.01307,0.3566
Obatoclax Mesylate,-0.7107,-0.4628,-0.3139,-0.217,-0.6533,0.3029,0.04798,-0.516,-0.5708,0.4045,-0.6867,0.0245,0.5715,-0.5833,0.3242,0.1507,1.315,0.3031,0.4155,0.5904,0.2046,0.3733,0.8178,0.5497,0.5535,0.8125,0.0826,0.1639,0.2079,-0.1636,0.3339,0.5893,0.4564,0.09834,-0.3508,0.3147,0.5662,-0.1635,-0.4206,-0.2697,-0.5257,-0.4542,-0.08062,0.3106,0.06093,-0.0005044,-0.5455,-0.4804,0.08114,-0.2454,-0.5792,0.1785,-0.5716,-0.5022
P22077,-0.7107,-0.5656,0.06852,-0.6298,-0.7032,-0.3062,-0.153,-0.252,-0.6695,0.638,-0.6785,-0.05086,0.4097,-0.4371,0.7855,0.08777,0.8217,0.002977,0.2693,0.3799,-0.5511,0.7839,0.6968,0.7817,0.352,0.8575,0.6847,0.3206,-0.1308,-0.2916,1.032,0.5266,0.9325,-0.2057,0.08447,0.6919,0.7247,-0.05163,-0.153,-0.0782,-0.3401,-0.3484,-0.06446,0.2371,0.07549,-0.395,-0.8335,-0.7596,-0.2096,-0.4279,-0.4981,-0.08285,-0.3447,0.3441
Luminespib,-0.7032,-0.566,-0.04689,0.1983,-0.4616,-0.01832,0.1994,-0.547,-0.4772,0.9526,-0.549,-0.11,0.1459,-0.5745,0.8662,0.2788,1.026,-0.3174,-0.151,0.5693,-0.5529,0.8811,0.7497,0.8359,0.8145,0.7828,-0.08926,0.6003,0.08124,0.2513,0.5945,0.7244,0.3983,0.03116,-0.3909,0.7521,0.4809,-0.05056,-0.5791,-0.4586,-0.4394,-0.4631,0.004098,0.1667,-0.3452,-0.0219,-0.6292,-0.6311,-0.01043,-0.405,-0.4794,0.008827,-0.2403,0.463
Topotecan,-0.6898,-0.6574,0.003637,0.1101,-0.4585,0.7623,0.2575,-0.628,-0.5717,0.4217,-0.467,0.2192,0.6372,-0.7762,0.6028,0.04351,1.067,0.08965,0.3968,0.7328,-0.6005,0.2593,0.8704,0.6828,0.2533,0.5908,-0.01348,-0.1698,0.3535,0.5132,0.2709,0.6319,0.7414,-0.1214,0.3452,0.4799,0.2718,0.2379,-0.3516,-0.004295,-0.2571,-0.4132,0.3813,0.1378,0.4055,0.3906,-0.4592,-0.6308,0.4872,-0.7103,-0.6421,0.01924,-0.4254,-0.06315
IWP-2,-0.6838,-0.7818,0.2026,-0.1371,-0.1366,0.08794,0.1744,-0.6155,-0.5943,0.7881,-0.5623,0.3833,0.4866,-0.7836,0.7337,0.06925,0.952,-0.2115,0.4495,0.3247,-0.6618,0.3828,0.9681,0.7189,0.4382,0.8857,0.5345,0.41,0.1978,-0.8178,0.9299,0.4749,0.8615,0.0198,-0.02114,0.6804,0.688,0.05635,-0.3858,-0.3999,-0.5136,0.2285,0.5008,0.06429,-0.0421,-0.1774,-0.7767,-0.5571,0.2416,-0.2671,-0.5131,0.3337,-0.1735,0.2972
LY2109761,-0.6813,-0.4165,0.5546,-0.6893,0.02009,-0.1538,-0.1939,-0.3694,-0.3824,0.9314,-0.723,0.5202,-0.03046,-0.7607,0.89,0.3985,0.8837,0.366,0.4242,0.6398,0.3576,0.8281,0.8849,0.9585,0.7894,0.6797,0.7639,0.6308,-0.3444,-0.478,0.8649,0.6832,0.8441,-0.5033,0.3769,0.8782,0.7601,-0.2018,-0.1424,-0.1779,-0.2906,0.4326,-0.0598,0.2995,-0.3951,-0.594,-0.4377,-0.1466,-0.6245,0.1359,-0.2635,-0.3738,-0.01574,0.3547
Telomerase Inhibitor IX,-0.681,-0.4307,0.06518,-0.2406,-0.5132,-0.2895,0.03497,-0.15,-0.5533,0.9787,-0.5234,-0.2839,0.1864,-0.6357,0.6485,0.217,1.071,0.1803,0.3605,0.5066,-0.1326,0.8442,0.7853,1.02,0.8535,0.7627,0.5434,0.6127,-0.08806,-0.2849,0.7539,0.7313,0.5908,-0.1377,-0.1896,0.6346,0.8471,-0.426,-0.4702,-0.4428,-0.3881,-0.1573,-0.2719,0.03152,-0.4356,-0.2899,-0.6169,-0.6522,-0.2562,-0.1326,-0.3928,-0.08241,-0.2904,-0.2027
Entinostat,-0.6783,-0.7213,0.08273,-0.3564,-0.3019,-0.352,0.0815,-0.4339,-0.674,0.7368,-0.4654,0.1456,0.2477,-0.5857,0.5399,0.1209,0.7835,0.09678,0.3198,0.2102,-0.6787,0.9296,0.7448,0.5204,0.06002,0.765,0.2404,0.3062,0.5172,-0.3506,0.3988,0.447,0.404,0.1268,-0.1872,0.6727,0.4369,-0.1535,0.1429,-0.3232,-0.2697,0.3405,-0.1823,-0.21,-0.1752,-0.3836,-0.4795,-0.7766,-0.1379,-0.1315,-0.6229,0.04635,-0.4607,-0.09781
Savolitinib,-0.6782,-0.5361,0.02327,-0.2616,-0.3528,0.1701,-0.1119,-0.6435,-0.6719,0.3368,-0.5165,0.1664,0.2264,-0.8082,0.5712,-0.3246,0.8422,0.01961,0.4881,0.262,-0.5535,0.4922,0.4706,0.3644,0.02383,0.5556,0.448,0.2089,0.1659,-0.01477,0.6043,0.1688,0.6124,0.3004,-0.079,0.5198,0.3583,0.2112,-0.1323,-0.3059,-0.4185,0.2191,0.1369,0.1645,0.2703,-0.02675,-0.399,-0.6376,0.2009,-0.1577,-0.1583,0.4361,-0.2951,-0.0741
Cyclophosphamide,-0.6753,-0.5129,0.1055,-0.1766,-0.07092,0.119,-0.2255,-0.5689,-0.5606,0.7012,-0.6091,0.3516,0.4771,-0.667,0.7392,-0.1073,0.7261,0.2202,0.4404,0.3811,-0.5315,0.5621,0.781,0.5719,0.6465,0.6277,0.2947,0.4493,-0.07213,-0.333,0.9577,0.3203,0.9016,-0.05469,-0.1036,0.6894,0.8356,-0.1061,-0.1826,-0.1582,-0.3508,0.2166,0.1748,0.1832,-0.0221,-0.1436,-0.5888,-0.6817,0.2319,-0.454,-0.5712,0.2574,-0.3552,-0.08298
Camptothecin,-0.6739,-0.663,-0.06628,0.05488,-0.5835,0.742,0.2092,-0.6084,-0.5756,0.2578,-0.54,0.1591,0.7089,-0.7989,0.4393,-0.1406,1.228,-0.08267,0.1722,0.6061,-0.5717,0.3187,0.6175,0.4803,-0.01381,0.6967,-0.01784,-0.2324,0.3381,0.3142,0.2696,0.6137,0.7107,-0.1402,0.3444,0.3071,0.1943,0.172,-0.2504,-0.2836,-0.2659,-0.2608,0.2737,-0.03816,0.3456,0.3289,-0.5926,-0.731,0.511,-0.6942,-0.7174,-0.03707,-0.522,-0.3343
Dinaciclib,-0.6712,-0.6695,0.3117,-0.2403,-0.1789,-0.3152,-0.2127,-0.5517,-0.614,1.134,-0.7151,0.4953,0.0006356,-0.7854,0.7758,0.6854,0.9181,-0.3178,0.09241,0.2872,-0.4392,0.5605,1.172,1.102,0.2599,0.859,0.7248,0.2199,-0.04469,-0.7068,0.8811,0.7542,0.9953,-0.5531,-0.3384,0.5467,0.9244,-0.1922,-0.3891,-0.5034,-0.4313,0.15,0.061,0.06028,-0.3316,-0.5517,-0.605,-0.5073,-0.3013,-0.2187,-0.6157,-0.3683,-0.1633,0.4167
Niraparib,-0.6622,-0.6635,0.295,-0.01611,-0.223,0.4422,0.2789,-0.6792,-0.1065,0.6109,-0.6599,0.4135,0.5034,-0.7811,0.4779,0.2702,0.9618,0.3841,0.465,0.595,-0.1146,0.4762,0.7345,0.7426,0.6574,0.9778,0.2999,0.3965,0.5038,-0.445,0.5867,0.554,0.7004,0.1719,0.1162,0.6411,0.6852,-0.1181,-0.09743,-0.1871,-0.06511,-0.09621,0.2643,0.1547,0.1303,-0.1929,-0.3356,-0.6951,0.2703,-0.4134,-0.6995,0.337,-0.3459,-0.2825
MIRA-1,-0.6599,-0.7562,0.09057,-0.01617,-0.05491,0.259,0.2096,-0.4626,-0.515,0.654,-0.4325,0.3705,0.5468,-0.6187,0.7279,0.1533,0.9274,0.0357,0.4774,0.5646,-0.4335,0.4101,0.7594,0.5585,0.7074,0.8634,0.1692,0.3568,0.2975,-0.3045,0.7367,0.5135,0.8039,0.04121,0.02429,0.5889,0.7415,0.03942,-0.2661,-0.2932,-0.3431,-0.19,0.1186,-0.1294,-0.04059,-0.05083,-0.7751,-0.8123,0.2922,-0.1454,-0.2551,0.2805,-0.07524,0.2269
WZ4003,-0.6597,-0.5894,0.5781,-0.1905,0.4765,0.05022,0.04,-0.08426,-0.1325,0.9679,-0.8308,0.5919,-0.008303,-0.9329,0.5907,0.6431,0.9552,0.3909,0.0601,0.5103,0.1727,0.5097,1.068,1.006,0.6449,0.9035,0.5286,0.5607,0.5564,-0.6205,0.9506,0.5538,0.6464,-0.3745,0.4167,0.4542,0.9972,-0.2717,0.09632,-0.5449,-0.3517,0.4876,-0.1951,0.1803,-0.3885,-0.6959,-0.8564,-0.3986,-0.3128,0.06097,-0.5097,-0.1632,0.4627,0.6093
NVP-ADW742,-0.6575,-0.7225,0.5552,-0.6202,-0.3219,-0.2069,-0.2879,-0.4302,-0.3867,0.9458,-0.5047,0.5488,0.1564,-0.9704,0.9118,0.6259,1.281,0.6099,0.2703,0.2932,0.3386,0.2663,1.226,1.144,0.483,0.7886,1.04,0.6873,0.4783,-0.3097,0.6928,0.7235,0.8894,-0.204,0.1248,1.028,0.5501,-0.4966,-0.1197,-0.3287,-0.302,0.3821,-0.291,-0.2662,-0.4927,-0.6027,-0.7057,-0.3977,-0.3796,0.005766,-0.6163,0.0983,-0.3348,0.1726
Foretinib,-0.6533,-0.1742,0.2238,0.1593,-0.5411,0.2808,0.3322,-0.5021,-0.1663,0.8756,-0.8991,0.1677,0.003292,-0.8551,0.4284,0.5426,0.9644,0.06707,0.3099,0.2854,0.1263,0.3396,0.7069,0.7946,0.1136,0.7991,0.5542,0.3312,0.5024,-0.005959,0.9205,0.3183,0.35,0.254,0.4662,0.3414,0.5867,0.1704,0.1275,-0.1705,0.08509,0.3379,0.4144,0.3443,0.1162,-0.1202,-0.87,-0.5664,0.2826,-0.5637,-0.494,0.2838,-0.4731,0.2513
Vorinostat,-0.652,-0.6082,-0.2263,-0.3322,-0.6253,-0.2666,0.2325,-0.1539,-0.5433,0.6683,-0.5621,-0.09237,0.4128,-0.6797,0.2051,0.003381,0.5687,-0.2451,0.368,0.05565,-0.7018,0.7365,0.06114,0.4927,-0.1041,0.5122,0.08751,0.002697,0.1641,-0.2482,0.4221,0.2215,0.4231,0.3831,0.2388,0.2375,0.3528,-0.3401,0.04956,-0.1166,-0.1613,-0.1448,-0.01198,-0.2362,-0.2936,-0.1846,-0.5716,-0.6432,0.2294,-0.2995,-0.5741,0.1978,-0.5492,-0.4166
Zoledronate,-0.652,-0.2873,0.1175,-0.08907,-0.4396,0.08955,0.0481,-0.4998,-0.6483,0.7598,-0.6635,0.2062,0.3273,-0.7411,0.6244,-0.1594,1.009,0.04914,0.4094,0.374,-0.4322,0.6907,0.5634,0.4801,0.4559,0.7902,0.3318,0.1671,0.2287,-0.5585,0.8598,0.3265,0.8948,0.0507,0.2676,0.3432,0.7198,0.2213,-0.05462,-0.2052,-0.3687,0.03565,0.2963,0.38,0.02533,-0.1272,-0.5459,-0.677,0.3497,-0.4913,-0.5771,0.1456,-0.4538,0.3987
PRT062607,-0.6505,-0.42,0.4681,-0.3131,-0.1568,-0.1201,-0.1815,-0.3584,-0.2677,0.9227,-0.7149,0.5876,0.06923,-0.8145,0.1847,0.6398,0.5981,0.3237,0.1458,0.5259,0.2816,0.4209,0.8463,0.7357,0.1745,0.7306,0.5597,0.4487,0.4385,-0.707,0.462,0.777,0.3633,-0.2338,-0.09764,0.369,0.3534,-0.3913,-0.234,-0.5098,-0.3613,0.2158,-0.09127,-0.136,-0.3706,-0.5372,-0.6049,-0.4851,-0.2269,-0.1913,-0.677,-0.1283,-0.13,0.6095
AZD7762,-0.65,-0.3065,0.2614,-0.2343,-0.205,0.2176,-0.1522,-0.4371,-0.3649,0.7953,-0.8391,0.6386,-0.01814,-0.7337,0.5667,0.4669,0.816,0.2867,0.248,0.7009,0.3838,0.3134,0.6483,0.5828,0.5698,0.5608,0.4818,0.3879,0.4308,-0.5692,0.5247,0.7143,0.4968,-0.2978,-0.6804,0.4852,0.4565,-0.5364,-0.276,-0.46,-0.2211,-0.1081,0.08536,0.006648,-0.4493,-0.5343,-0.8042,-0.785,-0.4075,-0.3848,-0.6363,-0.0244,-0.4111,-0.07359
Cisplatin,-0.6339,-0.7599,0.06583,-0.3359,-0.6514,0.459,0.02166,-0.6788,-0.3952,0.4863,-0.688,0.3752,0.4285,-0.9931,0.5288,-0.08854,0.9701,0.3106,0.4096,0.6098,-0.438,0.5505,0.4457,0.349,0.1969,0.7551,0.1911,0.08216,0.1457,-0.4017,0.2551,0.4936,0.59,-0.2196,-0.01731,0.3113,0.3582,-0.09217,-0.1732,-0.4583,-0.3631,0.1805,0.05602,0.1672,-0.05604,-0.2759,-0.5799,-0.6841,0.2456,-0.592,-0.7163,-0.08976,-0.4788,-0.1034
Vinblastine,-0.6231,-0.5769,-0.2645,-0.4535,-0.1082,-0.01594,-0.2784,-0.7323,-0.5644,0.661,-0.834,-0.2234,0.8781,-0.7151,1.051,0.07819,1.571,-0.03037,1.051,1.05,-0.09192,0.4317,1.335,1.043,0.9297,0.8523,0.7066,0.6245,-0.04768,-0.08737,1.286,0.3056,1.242,0.3004,-0.02216,0.8733,1.189,-0.5828,-0.5636,-0.4764,-0.4235,-0.3762,-0.15,-0.191,-0.3161,-0.1649,-0.7706,-0.5623,0.2177,-0.5996,-0.6799,0.4219,-0.4934,-0.4365
EPZ004777,-0.622,-0.7226,-0.03418,-0.4666,-0.2753,0.08482,-0.1413,-0.5308,-0.3738,0.5865,-0.488,0.1382,0.3797,-0.6706,0.6102,-0.08619,0.7488,-0.01649,0.4628,0.4055,-0.5388,0.4617,0.5963,0.4066,0.498,0.7391,0.1993,0.3025,0.2164,-0.2413,0.9074,0.1157,0.5175,0.0558,-0.005329,0.4559,0.5366,-0.1261,-0.2256,-0.3342,-0.1348,-0.1465,-0.1827,0.0134,0.0088,-0.2601,-0.6176,-0.7118,0.2409,-0.3016,-0.4647,0.1015,-0.3317,0.1754
GSK2606414,-0.6196,-0.4579,0.2176,-0.2307,-0.3784,-0.03183,-0.1165,-0.6657,-0.5543,0.968,-0.8836,0.1817,0.3604,-0.6783,0.6378,0.1359,1.262,0.1084,0.5072,0.5081,-0.2042,0.5695,1.056,0.9886,0.4536,0.9626,0.5618,0.5233,0.2311,-0.3318,1.25,0.3913,0.9976,-0.1758,0.521,0.5702,0.7548,-0.2041,-0.2039,-0.3126,-0.3989,0.238,0.1446,0.2414,-0.1554,-0.4262,-0.9111,-0.5119,-0.02362,-0.3679,-0.5304,0.2086,-0.03982,0.7853
Buparlisib,-0.6185,-0.2354,-0.005832,-0.2273,-0.484,-0.5338,-0.2488,-0.4803,-0.4166,0.7689,-0.7855,-0.002373,0.08146,-0.5578,0.3623,0.1797,1.328,-0.3214,0.1762,0.4951,-0.3073,0.608,1.056,0.9717,0.4306,0.508,0.7457,0.3577,-0.4141,-0.2453,1.185,0.3192,0.7155,-0.3171,-0.4715,0.4639,0.2468,-0.2674,-0.4258,-0.4494,-0.4612,-0.3527,-0.2472,0.3008,-0.04606,-0.2958,-0.6641,-0.6178,-0.1642,-0.2488,-0.7462,0.1284,-0.4257,-0.1
AZ6102,-0.6175,-0.5077,0.1076,-0.1545,-0.5132,0.2506,-0.1585,-0.4405,-0.276,0.6574,-0.6686,0.2988,0.2078,-0.5907,0.2018,0.2834,1.009,-0.213,0.2546,0.383,-0.1856,0.1659,0.8582,0.7298,0.4474,0.8009,0.2353,0.07741,0.1561,-0.3565,0.3864,0.393,0.3312,-0.003088,-0.2764,0.4818,0.5837,-0.3703,-0.3678,-0.2668,-0.1214,-0.3427,-0.2209,-0.06557,-0.1873,-0.249,-0.4755,-0.276,0.1614,-0.1621,-0.4644,0.103,-0.2583,0.07805
Fulvestrant,-0.6074,-0.5787,-0.08579,-0.3121,-0.4272,0.173,-0.05606,-0.4615,-0.4091,0.6066,-0.6,-0.07953,0.4395,-0.6066,0.6822,-0.4591,0.6927,-0.09757,0.463,0.5986,-0.7444,0.451,0.8542,0.7052,0.5736,0.6948,0.3726,0.3718,0.1115,-0.2375,0.8209,0.07028,0.7505,0.1078,0.174,0.5203,0.7333,-0.07947,-0.2243,-0.2114,-0.1901,-0.2384,0.1279,-0.03793,-0.001536,0.04543,-0.6017,-0.5893,0.1928,-0.3419,-0.466,0.1237,-0.326,0.1516
Pevonedistat,-0.6045,-0.6172,-0.09179,-0.466,-0.5312,0.1454,-0.3847,-0.5589,-0.359,0.1265,-0.4785,-0.004217,0.1938,-0.681,0.4047,-0.2494,0.8559,0.5058,0.3445,0.5636,-0.3051,0.1993,0.4843,0.4033,0.4954,0.4797,0.4403,0.3082,0.2093,-0.441,0.3304,0.2039,0.4497,-0.1881,0.002509,0.2878,0.4207,-0.2516,-0.2849,-0.3323,-0.3451,-0.2026,-0.2024,0.02728,-0.1155,-0.2832,-0.612,-0.5145,-0.1589,-0.4451,-0.5299,-0.2335,-0.3476,0.03393
Vincristine,-0.5937,-0.5917,-0.2671,-0.4485,-0.156,-0.004509,-0.2566,-0.7189,-0.458,0.6655,-0.8112,-0.2162,0.8739,-0.7194,1.005,0.08135,1.493,0.004309,1.013,0.9978,-0.1145,0.4786,1.266,0.9966,0.8804,0.9291,0.688,0.5543,-0.06521,-0.07335,1.268,0.3715,1.17,0.3216,-0.05563,0.8622,1.134,-0.5646,-0.5459,-0.4419,-0.3156,-0.3759,-0.1325,-0.1248,-0.24,-0.114,-0.7454,-0.5407,0.2881,-0.5809,-0.6608,0.4859,-0.5046,-0.4652
5-Fluorouracil,-0.5907,-0.2968,-0.05216,-0.3545,-0.6699,0.1519,-0.08296,-0.1084,-0.5439,0.7393,-0.734,0.4533,0.1813,-0.7601,0.4402,0.2099,0.7424,-0.02326,0.2087,0.6504,-0.3363,0.0117,0.7572,0.5791,0.5471,1.006,0.2161,0.3528,-0.03865,-0.6696,0.7321,0.6067,0.6093,-0.01711,-0.1477,0.2303,0.575,-0.1849,-0.1098,-0.1895,-0.2442,-0.2589,-0.06239,0.159,-0.2761,-0.1246,-0.51,-0.3555,0.2218,-0.4948,-0.6421,-0.05626,-0.6034,0.3317
CZC24832,-0.5869,-0.2173,0.5177,0.05076,0.1885,0.1582,0.2699,-0.1794,-0.4294,1.121,-0.4492,0.5232,0.3363,-0.5352,0.5949,0.4689,0.8725,-0.2815,0.2834,0.3347,-0.4929,0.5922,0.7729,0.6875,0.5501,0.7036,0.1993,0.387,0.2144,-0.308,0.9407,0.3818,0.6582,-0.06855,-0.08235,0.36,0.7528,0.1591,0.2022,-0.04336,-0.2418,0.2767,0.3021,0.2308,-0.0443,-0.2714,-0.2022,-0.3344,0.1136,0.3863,-0.2807,0.3164,0.2867,0.513
Vinorelbine,-0.5865,-0.599,-0.2751,-0.4555,-0.1893,-0.01185,-0.2426,-0.7056,-0.4047,0.6318,-0.8176,-0.2361,0.8183,-0.7087,0.9494,0.02907,1.434,-0.004199,0.969,0.9304,-0.1392,0.4493,1.196,0.9234,0.8111,0.9554,0.645,0.5121,-0.09629,-0.1245,1.226,0.392,1.11,0.2588,-0.08981,0.8211,1.094,-0.5508,-0.5208,-0.4074,-0.2691,-0.3809,-0.125,-0.112,-0.2542,-0.1347,-0.742,-0.529,0.2446,-0.5657,-0.6512,0.4941,-0.5233,-0.4771
Cytarabine,-0.5828,-0.5775,0.1997,-0.2354,-0.7432,0.4336,0.1047,-0.7499,-0.2584,0.5829,-0.8422,0.3152,0.4068,-0.9694,0.3302,0.167,0.7269,0.4907,0.3706,0.6608,-0.2397,0.2736,0.5725,0.4883,0.4642,0.5328,0.3908,0.4036,0.147,-0.1942,0.3656,0.366,0.4865,0.1573,0.2107,0.4042,0.4009,-0.1037,0.008302,-0.252,0.02337,-0.0814,0.259,0.3154,0.02801,0.02377,-0.6659,-0.7438,0.2996,-0.742,-0.7285,0.1267,-0.5183,0.4063
PRIMA-1MET,-0.5721,-0.2271,0.1972,0.6186,-0.4064,0.5983,0.5957,0.05802,-0.33,0.8399,-0.7029,0.3489,0.7548,-0.6987,0.6584,0.333,1.177,-0.3266,0.4837,0.6025,-0.7912,-0.2658,0.661,-0.4806,0.09027,0.8626,-0.8477,0.2739,0.2101,0.4949,0.5406,0.123,-0.01677,0.2971,-0.428,0.6797,0.6092,0.2982,0.05554,0.1919,0.1535,-0.3117,0.3127,0.1179,0.3747,0.4025,-0.3985,-0.4891,0.6742,0.3893,-0.4222,0.3634,-0.04445,0.02928
Tamoxifen,-0.569,-0.6122,-0.05258,-0.528,-0.2946,-0.3298,-0.3863,-0.4905,-0.3457,0.342,-0.556,-0.0481,-0.1077,-0.494,0.4372,-0.1633,0.5434,0.1345,0.2507,0.2123,-0.2008,0.1347,0.6405,0.5266,0.4303,0.4677,0.3717,0.4697,0.2814,-0.4213,0.8159,-0.1303,0.4581,-0.4087,-0.1816,0.3682,0.745,-0.4072,-0.2736,-0.204,-0.2679,-0.2991,-0.3843,-0.1055,-0.2813,-0.3806,-0.6771,-0.3438,-0.2178,-0.2144,-0.4759,-0.3245,-0.3043,0.1351
Bortezomib,-0.5612,-0.397,-0.1884,-0.4568,-0.4282,-0.2254,-0.425,-0.4847,-0.48,0.8512,-0.535,0.01428,-0.2313,-0.4189,0.2225,-0.2446,0.7603,-0.3124,0.2391,0.3928,-0.2342,0.3145,-0.00776,-0.05926,-0.08963,0.4747,-0.1613,0.1501,0.1882,-0.2502,1.023,0.02027,-0.4256,-0.05871,-0.5397,0.195,0.09505,-0.4417,-0.3736,-0.1418,-0.4442,-0.4753,-0.4528,0.09099,-0.1544,-0.2642,-0.5308,-0.5172,0.07352,0.237,-0.377,-0.03991,-0.3854,0.09233
Elephantin,-0.5612,-0.599,-0.02796,-0.2027,-0.3507,0.1626,0.3394,-0.7044,-0.2773,0.7301,-0.632,0.3792,0.7119,-0.827,0.5169,0.1966,0.8626,0.1345,0.599,0.643,-0.4656,0.2244,0.735,0.6499,0.582,1.233,0.08903,0.6009,-0.1381,-0.1125,1.02,0.7126,0.6827,0.1561,-0.09926,0.7047,1.073,-0.2869,-0.3117,-0.06059,-0.2205,-0.4491,-0.1594,-0.07592,-0.04107,-0.0367,-0.7918,-0.3472,0.2281,-0.1809,-0.4951,0.2617,-0.3973,-0.04544
MK-2206,-0.5582,-0.244,0.3062,0.002705,-0.4589,-0.4215,0.09894,-0.2765,-0.1863,0.7913,-0.6813,0.6352,0.03944,-0.6183,-0.003379,0.6386,0.8769,-0.1188,0.2211,0.2581,-0.2633,0.09909,0.7587,0.6271,0.04019,0.5674,0.2755,0.2303,-0.3919,-0.05411,0.4736,0.372,0.4357,-0.1999,-0.4166,0.3685,0.3055,0.2738,0.04703,0.3177,0.1418,-0.03645,0.1243,0.1667,0.2739,0.1781,-0.3795,0.01541,-0.07066,0.5035,-0.3991,-0.1059,-0.06955,0.5129
AZD1332,-0.5566,-0.1426,-0.1828,0.1143,0.1349,-0.2147,-0.3002,-0.07057,0.06291,0.5849,-0.5596,0.3912,-0.7134,-0.8257,0.4433,0.2075,0.5977,0.2564,-0.3875,0.2925,0.2773,0.006492,0.6362,0.5779,0.4756,0.2039,0.3672,0.3353,0.03072,-0.4989,-0.02657,0.2743,0.1726,-0.6031,0.05493,0.3593,0.3182,-0.2095,0.1027,-0.2435,0.09141,-0.1592,0.1099,0.3021,-0.3142,-0.6784,-0.2903,-0.3237,-0.5292,-0.2486,-0.05449,-0.2597,0.2736,0.1335
Entospletinib,-0.5532,-0.3533,0.4787,-0.1584,-0.1376,0.1734,-0.5359,-0.4469,-0.06884,1.097,-0.7502,0.5293,-0.1783,-0.8096,0.4654,0.3223,0.8358,0.01247,-0.02118,0.181,0.07678,0.2575,0.9038,0.7809,0.3937,0.5786,0.5535,0.4902,-0.3501,-0.1879,0.8304,0.2549,0.7022,-0.4911,0.1895,0.428,0.5386,-0.4095,-0.4587,-0.6033,-0.4646,0.1786,-0.2085,0.1033,-0.3252,-0.7745,-0.566,-0.2358,-0.2467,0.2813,-0.2642,-0.05442,0.6137,0.8508
Mirin,-0.5506,-0.4392,0.2252,-0.0608,-0.5486,0.07003,0.04895,-0.4789,-0.4709,0.6228,-0.6396,0.05935,0.2657,-0.6554,0.5925,0.1933,0.8964,0.09033,-0.01955,0.444,-0.2963,0.3088,0.6817,0.7267,0.6022,0.7468,0.1829,0.2037,-0.2778,-0.1268,0.5932,0.581,0.5798,-0.211,-0.3151,0.396,0.8043,-0.3374,-0.4359,-0.1174,-0.4276,-0.04672,0.1398,0.2099,-0.1807,-0.2197,-0.5906,-0.5551,0.03497,-0.4939,-0.5804,-0.1339,-0.3851,0.238
RVX-208,-0.543,-0.6566,0.3465,-0.06529,0.1602,0.1729,0.5124,-0.4084,-0.2388,0.9227,-0.5669,0.3391,0.6761,-0.7776,0.702,0.5493,1.07,-0.1594,0.4135,0.4764,-0.3112,0.395,0.9363,0.7702,0.4617,1.113,0.07392,0.1059,0.07382,-0.494,0.8583,0.7954,0.4376,-0.2503,-0.1099,0.5538,0.793,0.06582,-0.2108,-0.1527,-0.2736,-0.02526,0.501,-0.19,-0.4561,-0.1543,-0.4237,-0.1279,0.05752,0.296,-0.3842,0.1879,0.4213,0.3449
AZD4547,-0.5397,-0.6823,-0.3025,-0.299,-0.3289,0.08975,-0.137,-0.7221,-0.335,-0.1699,-0.4021,-0.05038,0.3409,-0.6259,0.4258,-0.1308,0.6695,0.2527,0.4102,0.152,-0.2952,0.2093,0.6026,0.2795,0.1778,0.526,0.07775,0.2845,0.3584,-0.3853,0.5345,0.1674,0.4299,0.1416,0.1819,0.459,0.4805,-0.1459,-0.4267,-0.1401,-0.2116,-0.3363,-0.115,-0.1077,-0.1853,-0.326,-0.6438,-0.5404,0.2255,-0.445,-0.3211,0.4186,-0.2897,-0.1893
Daporinad,-0.536,-0.6137,-0.08456,-0.2918,-0.4079,-0.03031,0.01898,-0.5172,-0.3046,0.1982,-0.5659,-0.3473,0.2772,-0.4587,0.3768,-0.07326,0.6919,0.02831,0.4032,0.4413,-0.2646,0.3696,0.3232,0.1498,0.2516,0.6862,0.1438,0.3301,0.2343,-0.4878,0.7775,0.2907,0.2537,0.08124,-0.1691,0.213,0.5849,-0.2664,-0.3393,-0.2398,-0.1635,-0.3092,-0.1503,-0.1087,-0.2795,-0.3156,-0.505,-0.3993,0.08315,-0.4444,-0.4919,0.0005728,-0.4157,-0.2742
XAV939,-0.5336,-0.5823,0.3592,-0.07564,-0.01331,0.0376,-0.3401,-0.3429,-0.04269,0.7647,-0.4751,0.4763,0.2174,-0.6513,0.9408,0.0006401,0.924,0.05128,0.1946,0.5307,-0.3686,0.05087,0.8615,0.7499,0.3376,0.5088,0.2295,0.3162,0.2046,-0.6916,0.8237,0.2919,0.5773,-0.4114,-0.009292,0.6605,0.4409,0.1389,0.1369,-0.1797,-0.07159,0.2097,0.2367,0.3975,-0.1305,-0.5393,-0.5034,0.02641,-0.04869,-0.1821,-0.4386,-0.2365,0.2211,0.7272
BMS-536924,-0.5334,0.1967,0.2308,-0.4332,-0.3541,0.2859,-0.5953,0.0349,-0.1482,0.6736,-0.6618,0.7124,-0.3005,-0.8046,0.346,0.4903,0.6013,0.3652,0.2625,0.4177,0.4333,0.2436,0.5064,0.5918,0.2354,0.4529,0.4322,0.5048,0.9015,-0.1346,0.4965,0.502,0.1234,-0.2801,0.02911,0.747,0.4416,-0.1891,-0.06936,-0.3732,-0.1752,0.3545,0.296,-0.0576,-0.5004,-0.3847,-0.8372,-0.5353,-0.3116,-0.4259,-0.9153,-0.043,-0.4255,-0.2425
Leflunomide,-0.5334,-0.4388,0.1034,-0.5234,-0.01683,0.1665,-0.5843,-0.4198,-0.655,0.6463,-0.4668,0.2732,0.1608,-0.3137,0.9075,-0.02983,0.9653,0.3766,0.3008,0.5322,-0.3639,0.03765,1.237,0.9617,0.5994,1.167,0.6507,0.796,0.1989,-0.7997,1.336,0.6734,0.9611,-0.03548,0.119,0.8247,0.9832,-0.421,-0.02301,-0.04758,-0.4179,0.01019,-0.2741,-0.1026,-0.1995,-0.5338,-0.3755,-0.1917,0.2147,-0.1087,-0.3869,0.08628,-0.1443,0.6052
MG-132,-0.5285,-0.2917,-0.2031,-0.2886,-0.4429,-0.1208,-0.3627,-0.5163,-0.4168,0.4878,-0.4695,0.05169,-0.09421,-0.305,0.1451,-0.309,0.4743,-0.04804,0.2033,0.4457,-0.1138,0.1439,-0.1186,-0.1024,0.07514,0.1374,-0.1933,0.05718,0.2284,0.07492,0.9175,-0.1255,-0.4016,0.02539,-0.3614,-0.001221,0.06345,-0.3675,-0.3126,-0.0885,-0.3425,-0.4772,-0.45,0.02089,-0.08766,-0.02981,-0.3914,-0.3928,0.1042,0.1427,-0.3162,-0.02909,-0.4596,0.09209
MK-8776,-0.5242,-0.3625,0.7007,-0.2601,-0.2445,0.3444,-0.211,-0.1266,-0.3591,0.8695,-0.7359,0.7756,-0.1236,-1.001,0.445,0.3609,0.9699,0.2498,0.1403,0.7441,0.1814,0.1999,0.3591,0.435,0.3976,0.3765,0.01242,0.2273,-0.0173,-0.2726,-0.003129,0.6758,0.3232,-0.4626,-0.3826,0.4817,0.3989,-0.3348,-0.02603,-0.2656,0.06519,0.4059,0.1207,0.352,-0.2756,-0.6049,-0.4866,-0.4179,-0.3113,0.3647,-0.5436,-0.3174,0.2941,0.2855
Cediranib,-0.5237,-0.5301,0.4043,-0.2796,-0.3648,0.1023,-0.5289,-0.3764,-0.03655,1.05,-0.5518,0.3541,-0.2209,-0.7512,0.3571,0.06319,0.7006,0.4085,-0.1084,0.1728,-0.04466,-0.02111,0.7137,0.6161,0.4453,-0.1384,0.2189,0.38,0.1126,-0.372,0.08815,-0.03783,0.01279,-0.4922,0.07428,0.6245,0.08044,-0.4433,-0.2631,-0.3099,-0.2959,0.02001,-0.1356,-0.1916,-0.3176,-0.4283,-0.8463,-0.5837,-0.4901,0.5149,-0.6006,-0.4164,0.09758,0.2936
Afuresertib,-0.5228,-0.007725,0.1295,0.01883,-0.4687,-0.4931,0.02811,-0.2685,-0.4996,0.5457,-0.755,0.1745,0.01445,-0.597,0.07756,0.09536,0.8078,0.0006673,-0.03829,0.0348,-0.483,0.05883,0.6499,0.1995,0.3245,0.3555,0.06088,0.407,-0.5586,-0.2172,0.5763,-0.02805,0.3077,-0.277,-0.5412,0.3594,0.2311,0.5155,-0.3669,0.1741,-0.05088,-0.4615,0.0654,0.1327,0.2405,0.4112,-0.123,0.189,-0.2712,0.4505,-0.4384,-0.1889,-0.1444,0.7041
Uprosertib,-0.5169,-0.1408,0.2189,0.02813,-0.4438,-0.5828,0.2025,-0.2623,-0.5079,0.6212,-0.7208,0.1188,0.06362,-0.5677,0.07321,0.3,0.8695,-0.06113,0.1191,0.1441,-0.5103,0.1927,0.7142,0.3673,0.3469,0.5591,0.1481,0.3736,-0.4189,-0.2026,0.5111,0.006846,0.3243,-0.1665,-0.454,0.3938,0.3773,0.5085,-0.3236,0.05564,-0.09871,-0.4035,0.03691,0.06327,0.2524,0.3477,0.04782,0.1959,-0.1287,0.471,-0.254,-0.1647,0.09102,0.7292
ML323,-0.5165,-0.5868,-0.2218,-0.2542,-0.2328,-0.08103,0.08765,-0.5294,-0.6,0.3795,-0.4423,-0.1775,0.5173,0.03037,0.7224,-0.3486,0.8227,-0.1132,0.4097,0.07467,-0.6125,0.7708,0.917,1.014,0.5353,1.108,0.4911,0.6742,0.356,-0.5796,1.362,0.3705,0.9687,0.3238,0.05726,0.8214,0.9576,0.1508,-0.4644,-0.4366,-0.584,-0.4952,-0.4277,-0.07234,-0.06671,-0.4783,-0.3408,-0.07308,0.1389,-0.4104,-0.492,0.5579,-0.2085,0.2186
Gallibiscoquinazole,-0.5079,-0.5239,-0.0973,-0.00525,-0.3072,0.3707,0.5539,-0.7083,-0.5498,0.9231,-0.471,-0.01936,0.4584,-0.5611,0.7191,-0.5936,0.6986,-0.5534,0.6805,0.7197,-0.6877,0.3072,0.2553,0.384,0.2739,0.6186,-0.166,0.1953,-0.2324,0.393,0.8285,-0.1647,0.4182,0.3204,0.1279,0.1794,0.6365,0.1898,-0.559,-0.1849,-0.3913,-0.7054,0.3841,0.07054,0.2461,0.5881,-0.3685,-0.5729,0.3949,-0.06204,-0.395,0.3157,-0.1308,-0.006852
AZD1208,-0.5026,-0.4231,0.00664,-0.1153,-0.436,0.0003141,0.07099,-0.4895,-0.1327,0.3297,-0.6936,0.1328,0.3367,-0.6245,0.3454,-0.01676,0.7507,0.02485,0.3962,0.4153,-0.1523,0.314,0.487,0.3621,0.3863,0.7139,0.08514,0.1916,0.09979,-0.3587,0.7438,0.122,0.5454,0.05571,0.09,0.2491,0.4741,0.009192,-0.05768,-0.02265,-0.00723,-0.03173,0.1763,-0.000834,-0.04418,-0.1085,-0.502,-0.2721,0.1202,-0.1905,-0.4554,0.09417,-0.09982,0.1596
PFI3,-0.4998,-0.4967,0.02584,-0.3495,-0.2146,-0.03182,-0.09997,-0.2922,-0.002998,0.5809,-0.507,0.05013,0.331,-0.4824,0.6733,-0.242,0.7806,-0.08971,0.4891,0.3677,-0.5528,0.2005,0.6458,0.2471,0.4135,0.7221,0.03239,0.09741,0.2914,-0.3604,0.8612,-0.09131,0.5509,-0.1013,0.01251,0.1733,0.636,0.09031,0.04151,0.07863,0.04483,0.07323,0.2556,0.1371,0.02015,-0.2405,-0.475,-0.09901,-0.005513,-0.04901,-0.3874,0.05303,-0.05034,0.2725
Sorafenib,-0.4996,-0.4477,-0.06433,-0.3241,-0.3351,-0.188,-0.2478,-0.258,-0.4519,0.5049,-0.5126,-0.03104,0.3433,-0.5146,0.7024,-0.0009999,0.7986,0.2387,0.2438,0.1856,-0.4541,0.6187,0.8942,0.9098,0.4575,0.7466,0.4569,0.421,0.2164,-0.5712,1.103,0.1763,0.9467,-0.1551,0.2683,0.6105,0.6916,-0.3508,-0.2996,-0.2141,-0.2683,-0.08078,-0.1576,0.1158,-0.2925,-0.4634,-0.6146,-0.3754,-0.1173,-0.3041,-0.3515,0.06237,-0.1591,0.5204
Wnt-C59,-0.4972,-0.7031,0.115,-0.4311,0.01891,0.07242,-0.2966,-0.3641,-0.342,0.5261,-0.2313,-0.1409,0.3806,-0.5416,0.6,-0.08862,1.01,0.2685,0.4387,0.06464,-0.368,0.3335,0.9361,0.8816,0.4575,0.7898,0.3835,0.6387,0.346,-0.9235,1.157,-0.05379,0.7869,0.2125,0.5376,0.6622,0.8552,-0.2375,-0.05555,-0.2609,-0.359,0.131,-0.1954,-0.06664,-0.3907,-0.6491,-0.3584,-0.1003,0.239,-0.07614,-0.3625,0.2874,0.05971,0.2914
PLX-4720,-0.493,-0.3313,0.1593,-0.2695,-0.1896,0.4416,-0.1088,0.01285,-0.1678,0.8591,-0.7517,0.02004,0.3176,-0.5441,0.2422,0.5758,0.9866,0.03941,0.4092,0.5754,-0.2111,0.5871,0.9236,1.012,0.8515,0.8585,0.2986,0.7357,0.1606,-0.2908,1.185,0.258,0.8035,0.1083,0.2493,0.2063,1.023,-0.05066,0.1963,-0.1025,-0.1148,0.1513,-0.2141,0.1693,-0.1205,-0.3719,-0.4443,-0.07201,0.396,0.4164,-0.6408,0.3544,-0.02663,0.4442
GSK591,-0.4917,-0.3299,0.09162,-0.1495,-0.1133,0.09129,-0.09305,-0.3252,-0.4032,0.5878,-0.5413,-0.04802,0.2949,-0.5079,0.2428,0.09298,0.7672,-0.04148,0.3878,0.6048,-0.2613,0.05815,0.7842,0.4612,0.4509,0.7002,0.3706,0.2349,0.3121,-0.6649,0.5725,0.2051,0.6015,0.03696,-0.3528,0.271,0.4566,-0.171,-0.2122,-0.4001,-0.1639,0.03964,0.1396,-0.1974,-0.2091,-0.01591,-0.3244,-0.2158,0.1695,0.01959,-0.332,0.1181,0.003351,0.3133
BIBR-1532,-0.4823,-0.3641,0.1052,-0.1478,-0.1961,0.08753,0.001135,-0.1051,-0.5425,0.4287,-0.2654,0.1578,0.4906,-0.3206,0.711,-0.1156,0.6731,-0.2598,0.4162,0.3154,-0.6317,0.5794,0.5235,0.4948,0.5239,0.7486,0.1838,0.4762,0.16,-0.3061,0.8794,0.3259,0.6133,0.1461,0.1678,0.6403,0.6808,0.01771,-0.1199,-0.02527,-0.3828,-0.01858,-0.05403,0.1828,0.01535,-0.2988,-0.6102,-0.4343,0.2518,-0.186,-0.3432,0.3282,-0.155,0.3552
Podophyllotoxin bromide,-0.4645,-0.5874,-0.2393,-0.3437,-0.1129,-0.05873,-0.0204,-0.6417,-0.5253,0.8586,-0.746,-0.3104,0.8501,-0.7961,0.7165,0.2145,1.417,-0.1892,0.7997,0.7675,-0.3217,0.3909,1.072,0.8543,0.545,1.129,0.3239,-0.004976,-0.09982,-0.2501,1.134,0.6561,0.8628,-0.1455,-0.01855,0.7006,0.8632,-0.4396,-0.4532,-0.4099,-0.4379,-0.3231,-0.01171,-0.2634,-0.3525,-0.2651,-0.6807,-0.4878,-0.007358,-0.3124,-0.6716,0.09988,-0.3415,-0.4108
OTX015,-0.463,-0.4882,0.2501,-0.2928,-0.1125,0.3325,-0.1473,-0.5114,-0.02962,0.6197,-0.6705,0.468,0.4073,-0.8295,0.426,0.1,0.8972,0.1712,0.5583,0.4997,0.0618,0.02753,0.7733,0.2109,0.1157,0.9268,0.3256,0.08099,0.6421,-0.2177,0.6305,0.4226,0.215,-0.2062,0.3695,0.2319,0.7153,0.02806,-0.07269,-0.1177,-0.06076,-0.09932,0.2694,0.004405,-0.2816,-0.261,-0.6625,-0.143,-0.1395,0.04427,-0.6955,-0.2311,0.1365,0.276
MN-64,-0.4488,0.1838,0.3959,0.1584,0.01834,0.1363,0.1622,0.09413,-0.4674,0.9061,-0.4194,0.4058,-0.1934,-0.5632,0.5344,0.1935,0.5276,-0.07039,-0.1504,0.134,-0.1422,0.5891,0.5107,0.5927,0.5362,0.5184,0.4733,0.677,-0.1377,-0.6946,0.964,0.3436,0.2467,0.1618,-0.2407,0.483,0.6013,0.2994,-0.04949,-0.1918,-0.1781,0.02621,0.2314,0.5388,-0.2653,-0.3695,0.02419,-0.09337,0.3092,-0.265,-0.2254,0.1493,-0.05655,0.4384
Ulixertinib,-0.44,0.2015,0.3065,0.03441,-0.3729,0.2639,0.09303,0.2382,-0.4053,0.9767,-0.5443,0.1966,0.05806,-0.3,0.1125,0.6877,0.9185,-0.01172,0.08389,0.4951,0.1269,1.235,0.6274,0.9804,0.5139,0.7238,0.7942,0.7194,0.5887,0.114,1.127,0.6448,0.3409,-0.06793,-0.05454,0.3031,0.6296,-0.06482,-0.1352,-0.5085,-0.3099,-0.3477,-0.1647,0.2863,-0.365,-0.1349,-0.8814,-0.4669,-0.3079,-0.7883,-0.7763,-0.2625,-0.8373,-0.1435
AZ960,-0.4392,-0.3773,0.2046,0.0582,-0.08856,0.1513,-0.005638,-0.205,0.197,0.8147,-0.6094,0.339,-0.1767,-0.8058,0.3821,0.4059,0.6598,0.05351,-0.08488,0.4168,0.2445,-0.1416,0.7286,0.6074,0.405,0.5105,0.1762,0.2725,0.0435,-0.4597,0.366,0.4525,0.2823,-0.2384,-0.2985,0.3618,0.5019,-0.1023,-0.01444,-0.09187,0.2605,0.1711,0.1787,0.3457,-0.3922,-0.4004,-0.3316,-0.1489,-0.03887,-0.1936,-0.4381,-0.0516,0.4402,0.3411
Dabrafenib,-0.436,-0.449,0.2038,-0.6191,-0.2242,0.3614,-0.3707,0.174,-0.4222,0.6124,-0.2857,0.2886,0.4151,-0.1599,0.6507,0.2746,0.9213,0.2137,0.4636,0.4419,-0.3874,0.708,0.7545,0.7765,0.7108,0.634,0.6081,0.878,0.4182,-0.4158,0.87,0.2036,0.8374,0.1827,0.4563,0.5304,0.885,-0.3352,-0.1036,-0.5674,-0.489,0.1684,-0.4928,0.1373,-0.1805,-0.5014,-0.5894,-0.1513,0.1976,0.137,-0.5891,0.4295,-0.3253,0.5131
Ruxolitinib,-0.4299,-0.4671,0.1465,-0.3599,-0.03782,0.1955,-0.1602,-0.08872,-0.2094,0.5149,-0.374,0.3415,0.4738,-0.4341,0.5433,0.2795,0.8819,0.2672,0.5642,0.5628,-0.2808,0.3622,0.796,0.5861,0.4898,0.721,0.391,0.3568,0.5192,-0.6471,0.8539,0.5628,0.6982,-0.07023,0.03603,0.5414,0.6217,0.1953,-0.01873,-0.03059,-0.1184,0.2724,0.2178,0.187,-0.1198,-0.2852,-0.2742,-0.06512,0.1922,0.008773,-0.2955,0.286,0.00668,0.1487
AGI-5198,-0.427,-0.4988,-0.02042,-0.269,-0.05979,-0.01232,0.01582,-0.6213,-0.3536,0.4751,-0.5721,-0.1677,0.4916,-0.5468,0.6692,-0.4209,0.9099,0.05473,0.3306,0.3385,-0.5422,0.6126,0.7308,0.5455,0.3832,0.5361,0.3877,0.5406,0.2536,-0.1808,0.9407,0.1564,0.7116,0.04717,0.2781,0.5242,0.382,0.3053,-0.1489,-0.2083,-0.3077,-0.04852,0.2014,0.3327,0.1832,0.04842,-0.4729,-0.524,0.3265,-0.4734,-0.6771,0.2594,-0.3593,0.4365
Teniposide,-0.4183,-0.5195,0.03486,-0.1756,-0.2913,0.3983,0.2298,-0.5957,-0.183,0.6361,-0.7141,-0.02066,0.7096,-0.8242,0.4739,0.2038,1.045,0.2725,0.5763,0.5517,-0.2562,0.4167,0.7177,0.642,0.3167,0.8646,0.2377,0.1123,-0.1547,-0.2499,0.8269,0.678,0.5861,0.03612,-0.0313,0.5617,0.5667,-0.3101,-0.1926,-0.03726,-0.1493,-0.07561,0.1501,0.04528,-0.02114,0.0507,-0.5964,-0.6041,0.3316,-0.4778,-0.6299,0.1217,-0.4045,-0.317
AMG-319,-0.4093,-0.5046,0.3559,-0.2309,0.04895,0.4082,-0.08337,-0.174,-0.2846,0.6742,-0.2577,0.4369,0.3598,-0.7167,0.688,-0.1446,0.8094,-0.05182,0.3211,0.1466,-0.5147,-0.01011,0.5404,0.101,0.3528,0.5735,-0.01902,0.09768,0.2648,-0.5029,0.388,-0.008763,0.3178,-0.2331,0.332,0.3618,0.2851,-0.02113,0.05501,-0.2517,-0.2675,0.2507,0.1978,-0.07428,-0.1237,-0.4083,-0.4466,-0.4976,0.08828,0.2406,-0.4264,-0.005923,0.2841,0.5463
Lapatinib,-0.394,-0.3649,0.3701,-0.01829,-0.6689,-0.4244,-0.1056,-0.2625,-0.2631,1.081,-0.4725,-0.1052,-0.4446,-0.4379,-0.6082,0.1204,-0.4329,-0.1448,-0.2395,0.07199,-0.05792,0.6543,0.6545,0.785,0.2428,-0.8443,-0.3936,-0.1591,-0.4329,-0.004497,-0.4275,-0.3234,0.1694,-0.7093,0.05441,-0.03294,-0.6005,-0.0404,0.0454,-0.2093,-0.2396,0.3016,0.2584,0.1547,-0.08672,-0.02092,-0.5314,-0.2138,-0.2349,0.4437,-0.2725,-0.7341,0.1141,0.689
LGK974,-0.3911,-0.4855,0.2068,-0.4399,0.2699,-0.2472,-0.3923,-0.175,-0.4668,0.6673,-0.2371,0.001626,-0.02581,-0.08685,0.3534,-0.3533,0.2773,-0.02231,-0.04885,-0.07041,-0.5203,0.3713,0.8746,0.8832,0.2025,0.2971,0.3902,0.6133,-0.03431,-0.9042,0.9311,0.1036,0.7666,-0.1653,0.1193,0.622,0.4274,-0.1278,-0.1863,-0.2687,-0.3739,-0.04569,-0.4342,-0.09094,-0.4149,-0.5854,-0.3044,-0.05137,-0.07497,-0.2548,-0.1217,0.0367,0.0887,0.2549
Nelarabine,-0.3725,-0.4702,0.1587,-0.03092,0.0409,0.2794,0.2674,-0.5004,-0.1715,0.6147,-0.6099,0.3083,0.2357,-0.763,0.3694,0.07915,0.5589,0.017,0.4297,0.4392,-0.04552,0.2021,0.2578,0.2517,0.2856,0.4249,0.1858,0.1468,-0.002729,-0.3734,0.4573,0.1349,0.263,0.1006,-0.2963,0.2134,0.2809,-0.005244,-0.02173,-0.05094,0.05068,0.06453,0.3293,0.1283,-0.1145,0.03424,-0.5824,-0.7918,0.305,-0.2041,-0.5595,0.2655,-0.1522,-0.1005
MIM1,-0.3625,-0.5222,0.08238,-0.003854,-0.3738,0.2599,0.235,-0.1034,-0.4182,0.5213,-0.6531,-0.1436,0.2226,-0.7683,0.3369,-0.1261,0.6491,0.1895,0.341,0.2921,-0.4028,0.2402,0.3259,0.3843,0.2385,0.3826,0.3562,0.5335,-0.3255,-0.2134,0.6262,0.06298,0.3159,0.193,-0.3004,0.2958,0.5111,-0.07936,-0.245,-0.2646,-0.1424,0.07696,0.1356,0.1626,-0.2291,0.06083,-0.4519,-0.3761,0.2208,-0.03026,-0.4448,0.2077,-0.2269,-0.02408
Nilotinib,-0.3576,-0.3864,0.4825,-0.4729,-0.1712,0.1124,-0.3832,-0.3995,-0.3813,0.684,-0.7825,0.4568,0.4687,-0.5271,0.6863,0.08973,0.8553,0.2771,0.4664,0.4983,-0.2998,-0.07368,0.7977,0.6781,0.55,0.7427,0.3544,0.5456,0.368,-0.7027,0.8244,0.4896,0.8065,-0.01528,-0.003206,0.7108,0.6564,-0.1926,-0.01337,-0.06047,-0.1632,0.09102,-0.06541,-0.01584,-0.03067,-0.5217,-0.6675,-0.02102,0.1006,0.09822,-0.1525,0.2531,0.2603,0.6382
GNE-317,-0.3556,0.2107,0.4246,0.5148,-0.3481,-0.1131,0.08045,-0.2468,-0.3569,0.7905,-0.8381,0.4346,0.009723,-0.5072,0.1553,0.1318,0.7397,-0.2926,0.216,0.3197,-0.2072,-0.2567,0.4716,0.511,0.2054,0.08687,0.4462,-0.06231,-0.4493,0.62,0.2586,0.03923,-0.02203,-0.1801,-0.5681,0.2885,-0.2652,0.1729,-0.17,-0.2139,-0.3861,-0.2821,-0.05167,0.4409,0.4522,0.4207,-0.09046,-0.08714,0.05719,0.2351,-0.5138,0.07081,0.1203,0.5553
AT13148,-0.3523,-0.1247,0.07774,-0.1704,-0.4611,0.2556,-0.2306,-0.5094,-0.3077,0.7797,-0.834,-0.125,0.3274,-0.5783,0.3525,-0.1938,1.05,-0.2667,0.5986,0.3564,-0.6981,-0.03421,0.919,0.1313,0.2419,0.5574,-0.1785,0.6211,-0.3431,-0.4006,0.8882,-0.05438,0.2851,0.1349,-0.86,0.2667,0.5283,-0.1419,-0.5952,-0.1395,-0.1559,-0.6781,0.08305,0.1077,-0.04743,-0.07224,-0.3551,0.0794,0.5037,-0.1928,-0.4324,0.4037,0.1257,0.6355
PD0325901,-0.3359,0.5836,0.5771,0.2086,0.06769,0.5934,-0.01508,0.4893,-0.1476,1.059,-0.3536,0.7955,-0.4453,0.07453,-0.003293,0.716,0.6575,0.3612,0.1179,0.7017,0.3152,0.9388,0.5863,0.7056,0.4522,0.5861,0.6475,0.573,0.6916,-0.04823,0.7623,0.5744,0.01931,-0.2445,-0.1408,0.5419,0.3391,0.02827,0.3125,-0.7387,-0.4324,-0.1925,-0.1317,0.3731,-0.3319,-0.1862,-0.6443,-0.42,-0.5037,-0.7396,-0.7314,-0.5219,-0.6886,-0.2721
Pictilisib,-0.3349,0.536,0.2259,0.5946,-0.5895,-0.4615,0.3143,-0.07014,0.08826,0.8785,-0.7228,0.2842,-0.1691,-0.2616,-0.3513,0.3999,0.6926,-0.3991,-0.1742,-0.07506,-0.00996,0.09145,0.5042,0.5873,0.2727,-0.04384,-0.08859,-0.3191,-0.3204,0.601,0.2931,0.3744,-0.1903,-0.5359,-0.3294,-0.07521,-0.3666,0.4974,0.1509,0.2138,-0.1532,-0.2964,0.4163,0.3604,0.3476,0.5414,-0.1106,-0.214,-0.366,0.2318,-0.4922,-0.2979,-0.221,0.4879
UMI-77,-0.3263,-0.1758,0.3809,0.2673,-0.4246,0.0471,0.6356,0.09846,-0.2762,0.7099,-0.02292,-0.4507,-0.1377,-0.4509,0.3376,-0.06973,0.2994,-0.38,-0.4528,-0.4393,-0.377,0.3807,-0.3629,0.4338,0.1188,0.04487,-0.00592,0.1768,-0.4749,0.2664,0.03767,0.3068,-0.2899,-0.2814,-0.1063,-0.06716,-0.3186,0.1889,-0.4228,0.05497,-0.01984,0.253,-0.05267,-0.09999,-0.1812,0.4713,0.256,0.009644,-0.4768,0.7399,0.4131,-0.4724,0.3962,0.1585
OF-1,-0.3093,-0.0446,0.1723,-0.2164,-0.1061,-0.04565,-0.2482,-0.3842,-0.6778,0.4792,-0.2862,-0.3979,0.04611,0.1036,0.2693,-0.3108,0.6727,-0.07197,0.3254,-0.2276,-0.5384,-0.01491,0.7885,0.8093,0.6368,0.6926,0.2224,0.6296,-0.1191,-0.7865,1.203,0.2459,0.7598,0.4838,0.5082,0.5,0.8604,0.1768,-0.03707,0.005906,-0.3637,-0.2854,0.08673,0.04781,-0.1361,-0.1042,0.1018,0.3319,0.3699,-0.383,0.02653,0.5857,0.0533,0.242
Staurosporine,-0.2965,-0.01729,0.5786,-0.234,-0.1949,0.3256,-0.4325,-0.4694,-0.1293,0.9678,-0.7141,0.8424,-0.1569,-1.015,0.6582,0.5626,0.8375,0.4032,0.7743,0.6645,0.2267,0.02432,0.5417,0.4174,-0.03247,-0.1983,0.5233,0.1656,-0.5714,-0.05761,0.4168,0.4022,0.1404,0.07991,-0.3075,0.6249,0.1639,-0.6007,-0.2932,-0.4,-0.2163,0.3881,0.04114,0.2148,-0.3242,-0.4276,-0.4531,-0.4241,0.2425,0.3169,-0.6891,0.2459,-0.09606,-0.4217
Gefitinib,-0.283,-0.2056,0.5449,0.2639,-1.015,-0.03135,0.2048,-0.6565,0.1604,0.6694,-0.3089,0.3722,-0.1653,-0.6214,-0.7128,0.05034,-0.1993,0.3286,0.1165,0.443,0.2213,0.6015,0.611,0.6869,0.004504,-1.154,-0.5744,-0.6572,0.3675,0.04255,-0.8205,0.2545,0.2274,-0.6466,-0.04446,-0.08477,-0.3798,0.2313,0.2993,0.1014,0.0004024,0.2755,0.4858,0.3882,0.09971,0.3043,-0.1324,-0.29,-0.09455,-0.2151,-0.4726,-0.6828,-0.2942,0.4929
Erlotinib,-0.2816,-0.3764,0.4506,-0.0965,-0.6417,-0.1505,-0.009251,-0.5911,0.0572,0.6823,-0.4755,0.04754,-0.5276,-0.7363,-0.6805,-0.003365,-0.1278,0.3854,0.2529,0.4755,0.33,0.5953,0.4731,0.6804,0.2383,-0.9675,0.03855,0.01346,-0.0185,-0.1573,-0.5126,0.0952,0.2373,-0.6761,-0.05649,0.01456,-0.299,-0.08937,0.2292,0.06042,-0.1263,0.159,0.1942,0.6481,0.2064,0.1818,-0.3294,-0.4462,-0.174,-0.6017,-0.6692,-0.6057,-0.4,0.253
Alpelisib,-0.272,0.2183,0.2,0.5093,0.03787,-0.5206,0.4788,2.85E-05,0.04328,0.9969,-0.5536,0.4155,-0.1676,-0.4287,-0.1641,0.5631,0.1351,-0.4913,-0.355,-0.1411,0.1451,0.3106,0.285,0.3614,0.1949,0.2085,-0.2182,-0.1955,-0.3472,-0.03224,0.5092,0.424,-0.06916,-0.541,-0.4868,0.07643,0.004024,0.4172,0.2055,0.3796,0.2327,-0.2259,0.5207,0.3166,0.02523,0.2484,-0.05312,-0.4421,-0.2145,0.2335,-0.5717,-0.4271,-0.1797,0.1542
AZD2014,-0.2638,0.3849,0.3597,0.2791,-0.1554,-0.3623,-0.1185,-0.1077,-0.3081,0.7267,-0.6718,0.4412,-0.05604,-0.5284,0.2133,0.1952,0.8642,-0.3363,0.2079,0.2614,-0.2638,0.2995,0.5979,0.4789,0.3784,0.2636,0.4094,0.2686,-0.3435,0.3364,0.6276,0.321,0.1753,-0.2538,-0.2118,0.4251,-0.1481,-0.001877,-0.01451,0.2195,-0.3345,0.0608,-0.3337,0.3605,0.3814,-0.01523,-0.4342,-0.3021,-0.2934,0.2043,-0.6298,0.02359,0.1352,0.5988
VX-11e,-0.2556,0.2703,0.6255,-0.0439,-0.2476,0.336,-0.1136,0.2107,-0.1819,0.9858,-0.4715,0.2521,-0.3448,-0.2833,-0.1414,0.5753,0.9169,0.1138,0.1117,0.5447,-0.03119,0.7757,0.6995,0.8511,0.5065,0.5629,0.6325,0.759,0.3418,-0.1346,0.8631,0.4463,0.1874,-0.3169,-0.1718,0.3638,0.5431,0.03858,-0.01286,-0.5041,-0.2294,-0.1095,-0.06782,0.3036,-0.2669,-0.1472,-0.62,-0.2049,-0.3096,-0.6914,-0.8506,-0.3714,-0.7995,0.1259
LCL161,-0.252,-0.3602,0.08619,-0.04781,-0.1828,0.01466,-0.09365,-0.2356,-0.1861,0.5273,-0.1522,0.424,0.287,-0.4387,0.3454,-0.1687,0.5475,-0.1383,0.1731,0.2569,-0.5669,-0.0252,0.4836,-0.1977,0.05216,0.5184,-0.298,0.01406,0.07667,-0.2062,0.5827,0.1287,0.1645,-0.1765,-0.2525,0.1826,0.03395,0.09426,0.06171,0.04482,0.009877,0.00124,0.01853,0.1809,0.01983,-0.1093,-0.08639,-0.2893,-0.2174,-0.0448,-0.1449,-0.03003,-0.04794,0.1407
Sepantronium bromide,-0.2455,-0.1681,0.01205,0.1537,-0.2491,0.9307,0.0009419,-0.2453,-0.05301,0.1855,-0.1827,-0.3438,0.4231,0.1401,0.2712,-0.2389,0.2452,-0.2968,0.1659,0.07194,-0.325,-0.2474,-0.02598,-0.2048,0.02402,-0.1923,0.008266,0.02431,-0.4661,-0.2411,0.4794,-0.02978,-0.2043,0.3289,-0.2887,-0.09433,0.04361,-0.5063,-0.5097,-0.09059,-0.4025,-0.06209,-0.404,0.1599,0.04275,0.5169,-0.6186,0.225,0.3166,-0.2139,-0.06476,0.1097,0.03969,-0.3178
AZD5991,-0.243,-0.3732,0.3898,-0.08336,-0.009605,0.334,0.08318,-0.3713,0.0009529,0.4048,-0.6398,0.2758,0.6775,-0.4749,0.7268,-0.1468,0.8077,-0.07855,0.5018,0.4457,-0.1964,0.5097,0.7543,0.418,0.1743,0.6651,0.4256,0.3665,-0.1373,-0.4338,0.8167,0.3948,0.8236,0.1972,-0.3718,0.5092,0.7143,0.1476,0.2939,0.5649,0.3021,0.1943,0.4918,0.4206,0.358,0.1963,-0.4414,-0.03805,0.3042,-0.016,-0.01524,0.3119,0.1843,-0.04243
Nutlin-3a (-),-0.2391,-0.004225,0.1093,-0.05485,-0.3357,0.3556,0.2201,0.2083,-0.02324,0.5725,-0.4726,0.3357,0.287,-0.3974,0.3996,0.08142,0.6843,0.243,0.3899,0.3678,-0.2944,0.3789,0.329,0.3557,0.3826,0.7311,0.09399,0.408,0.1143,-0.2965,0.7645,0.1104,0.4149,0.2168,0.3884,0.2843,0.5193,0.3105,0.2275,0.08359,0.1885,0.1197,0.2001,0.3348,-0.02295,-0.0408,-0.1636,-0.1176,0.4225,-0.5042,-0.7335,0.3017,-0.593,0.1552
SCH772984,-0.2073,0.679,0.3067,0.434,-0.1356,0.3722,0.1104,0.4753,-0.2109,0.9543,-0.5225,0.3782,-0.4031,-0.1533,-0.3286,0.7201,0.5261,-0.1177,0.09871,0.7214,0.1657,0.8033,0.3456,0.7129,-0.08233,0.7315,0.7402,0.4759,0.1758,0.2494,0.7406,0.5048,-0.06426,-0.2058,-0.2098,0.1823,0.11,0.02968,0.1552,-0.6516,-0.2339,0.05096,0.195,0.3777,-0.2249,0.003348,-0.7054,-0.385,-0.3572,-0.6726,-0.6385,-0.3699,-0.6692,-0.1956
Taselisib,-0.2018,0.5256,-0.04084,0.522,-0.4135,-0.5295,0.5781,0.1902,0.02801,0.8508,-0.4946,0.209,-0.1902,-0.2891,-0.575,0.5462,0.1647,-0.5923,-0.3506,0.02396,-0.1395,0.3327,0.3756,0.602,0.06269,0.002146,-0.2836,-0.2325,-0.3796,0.4178,0.4042,0.2345,0.04727,-0.7177,-0.2439,-0.2479,-0.1572,0.6763,0.1057,0.2307,0.1103,-0.2782,0.5289,0.2599,0.2215,0.5134,0.08417,-0.2827,-0.3092,0.366,-0.6674,-0.6076,-0.4005,0.2781
Fludarabine,-0.1764,-0.1047,0.3394,0.01978,-0.2089,0.4126,0.1887,-0.4646,-0.06306,0.5252,-0.632,0.4606,0.4063,-0.7069,0.4112,0.05872,0.5435,0.2896,0.3143,0.4868,0.05432,0.1397,0.4505,0.3472,0.4162,0.4683,0.3972,0.3447,0.3052,0.06746,0.2929,0.2969,0.3526,0.2509,-0.1316,0.4487,0.4333,0.02522,0.1884,0.06267,0.2109,0.1981,0.3152,0.2391,0.008263,0.1465,-0.2844,-0.5181,0.4487,-0.1186,-0.488,0.3858,-0.009573,0.2922
Rapamycin,-0.1649,0.01395,0.2178,-0.2338,-0.3539,0.004764,-0.3547,-0.366,-0.2618,0.8324,-0.4058,0.08597,0.07541,-0.3325,0.2235,-0.6983,0.5284,-0.2675,0.2471,0.1892,-0.7825,-0.08865,0.4743,0.03346,0.1843,0.3933,-0.009461,0.002346,-0.08035,0.04295,0.393,-0.2093,0.255,-0.1294,-0.1372,0.16,0.3047,0.1938,0.04123,0.1242,-0.04491,-0.1544,-0.09853,0.2817,0.1762,0.04036,-0.3723,0.07169,0.06896,0.106,-0.2386,-0.1355,-0.04334,0.5251
Osimertinib,-0.1583,0.01342,0.2596,0.2536,-0.8661,-0.896,0.177,-0.2811,0.09047,0.7481,-0.4226,0.2283,-0.5065,-0.581,-1.062,0.1895,-0.4684,-0.107,-0.1264,0.4229,0.4579,0.6208,0.3628,0.6306,0.1259,-0.7581,-0.4295,-0.2357,-0.391,0.003233,-0.6575,0.1762,0.1101,-0.8331,0.1131,-0.3147,-0.5044,0.3048,0.3336,-0.1676,-0.02554,0.2069,0.4282,0.1559,-0.04688,0.2055,-0.1456,-0.4357,-0.4745,0.297,-0.5845,-0.9803,-0.3226,0.2198
AZD5582,-0.145,-0.06675,0.09391,-0.109,-0.136,0.1103,-0.1599,-0.1338,-0.08958,0.532,-0.1802,0.1643,0.1487,-0.2863,0.2362,-0.2061,0.576,-0.09373,0.1318,0.1101,-0.3398,-0.003562,0.176,-0.1262,-0.01203,0.3091,-0.2305,-0.145,-0.1354,-0.03496,0.4503,-0.01663,-0.0899,-0.07846,-0.1302,0.1667,-0.1767,-0.06016,0.05774,0.1396,0.03096,0.08282,-0.1478,0.0736,0.004764,-0.0006021,-0.3661,-0.0528,0.04748,0.195,-0.1364,-0.09423,0.007523,0.193
Afatinib,-0.1284,-0.06652,0.4144,0.06121,-0.7387,-0.3287,0.04432,-0.2397,0.06559,0.8181,-0.1911,0.2774,-0.0947,-0.3393,-0.8224,0.3661,-0.1658,0.06266,-0.2044,0.4735,0.2495,0.5241,0.5502,0.705,0.1847,-0.9939,-0.218,-0.1281,-0.3337,-0.01283,-0.7304,0.2596,0.2678,-0.4837,-0.1765,-0.1355,-0.3317,0.01254,0.1216,0.08051,0.1024,0.1578,0.1927,0.1819,-0.00497,0.004706,-0.08771,-0.1635,-0.08966,-0.05443,-0.1638,-0.51,-0.1225,0.2349
Ibrutinib,-0.1209,0.08986,0.4658,0.3122,-0.6097,-0.8252,0.1304,-0.2246,0.1198,0.7873,-0.4091,0.4625,-0.2849,-0.4617,-0.673,0.2577,-0.06461,-0.1119,-0.1354,0.4231,0.3631,0.3227,0.4645,0.5687,0.1974,-0.8647,-0.1456,-0.07134,-0.3905,-0.2355,-0.3776,0.133,0.3139,-0.7123,-0.1581,0.01123,-0.5597,0.2204,0.1897,-0.1037,0.0341,0.2717,0.3389,0.2998,-0.0834,-0.0478,-0.3686,-0.2271,-0.4784,0.2887,-0.2257,-0.8308,0.1851,0.2866
Navitoclax,-0.1086,-0.2606,-0.05321,0.03441,-0.2364,0.09037,-0.006279,-0.3409,-0.04636,0.1568,-0.1367,0.2406,0.1996,0.0396,0.1161,0.1603,0.2287,0.01548,0.2408,0.4658,-0.4026,0.4713,0.2953,0.5356,0.05692,0.3505,0.4291,0.2942,0.2697,0.1433,0.4962,0.3487,0.4448,-0.1441,0.06724,0.2649,0.5321,0.0983,0.01945,0.06798,0.007795,0.008065,0.1699,0.01633,0.2602,0.07157,-0.1971,-0.2494,0.01789,-0.09933,-0.1732,-0.05873,-0.2713,-0.1094
Venetoclax,-0.07764,-0.2609,0.1968,-0.08946,-0.537,0.2621,0.2287,0.0006325,-0.0013,0.5799,-0.1195,0.3269,0.3584,-0.1216,0.5654,0.1103,0.4835,0.3066,0.2255,0.2574,-0.374,0.4333,0.587,0.5908,0.3715,0.437,0.536,0.4062,0.465,0.07288,0.6935,0.3845,0.5686,0.1454,0.05701,0.4355,0.5355,0.262,0.1757,0.1536,0.2255,0.2407,0.3204,0.3002,0.1787,0.1386,-0.3691,-0.3371,0.3247,-0.03841,-0.07521,0.2542,-0.0816,0.2338
AZD5363,0.01054,0.2201,0.3623,-0.3233,-0.5662,-0.4721,-0.3687,-0.03673,-0.0272,0.6628,-0.6006,-8.07E-05,0.01295,-0.4575,0.3261,0.01801,0.8398,0.08713,0.2696,0.115,-0.4439,0.09615,0.7238,0.5022,0.4644,0.3991,0.3941,0.5956,-0.6484,0.004134,0.7047,0.02846,0.5474,-0.09009,-0.4961,0.4178,0.5019,0.09363,-0.2059,0.2641,0.02611,-0.2091,-0.09889,0.3098,0.2878,0.006796,-0.3473,0.1295,-0.06595,0.3741,-0.3058,0.04008,0.07891,0.6573
Ipatasertib,0.01504,0.147,0.2588,0.133,-0.5338,-0.5472,0.07643,-0.1547,-0.03201,0.6116,-0.5349,0.06549,-0.2584,-0.4823,-0.07968,0.07192,0.657,0.0006913,0.214,0.07912,-0.282,0.04809,0.2941,0.2993,0.4002,0.1861,0.1825,0.36,-0.5985,0.1471,0.3998,0.01191,0.1291,-0.22,-0.2769,0.2959,0.3313,0.4352,0.03373,0.2869,0.2141,-0.2122,0.2416,0.2665,0.2331,0.2893,-0.1708,0.08978,-0.1698,0.414,-0.4722,-0.1333,-0.1405,0.517
Selumetinib,0.07791,0.7484,0.552,0.6388,0.3219,0.597,0.4441,0.6239,0.1455,1.16,-0.1183,0.6205,-0.5239,0.2545,-0.4847,0.7361,0.4801,-0.04689,0.1463,0.4086,0.1528,0.9224,0.3509,0.6014,0.0711,0.5675,0.6861,0.5149,0.4226,0.1806,0.7744,0.5374,-0.42,0.2305,0.1226,0.3274,0.1657,0.3931,0.4197,-0.4868,-0.1932,-0.1394,0.07083,0.5766,0.2359,0.1914,-0.426,-0.07758,-0.005469,-0.5723,-0.572,-0.1645,-0.594,-0.2279
AZD8186,0.09302,0.7718,0.1633,0.6682,-0.2485,-0.117,0.01261,0.332,0.2096,0.7708,-0.3367,0.3809,-0.5635,-0.175,-0.3092,0.1241,0.1695,-0.2656,-0.2765,-0.2683,-0.09012,-0.3192,-0.2182,-0.02975,0.04506,-0.4029,-0.08958,0.0895,-0.5256,0.3966,-0.01952,-0.3575,-0.5523,-0.3737,-0.4558,-0.2149,-0.4315,0.8313,0.09203,0.1121,-0.06481,-0.257,0.2607,0.431,0.4483,0.5505,0.495,0.08666,0.1323,0.604,-0.5597,-0.1989,0.04439,0.3856
AZD3759,0.112,0.09577,0.4612,0.2151,-0.6284,0.2058,0.1353,-0.263,0.3949,0.7954,-0.207,0.2717,-0.5606,-0.3541,-0.8732,-0.009006,-0.2817,-0.1797,-0.05449,0.2192,0.1869,0.5902,0.187,0.3727,-0.0541,-1.166,-0.2929,-0.2919,-0.07433,-0.1972,-0.756,-0.09221,-0.07482,-0.7638,0.05162,-0.302,-0.6949,0.2949,0.2945,0.07639,-0.08917,0.2432,0.4468,0.4021,0.01626,0.2307,-0.2194,-0.3541,-0.1545,0.2267,-0.7175,-0.8028,-0.4253,0.3619
Trametinib,0.1362,0.7422,0.5006,0.3791,-0.264,0.5486,0.163,0.5655,-0.04424,1.117,-0.4667,0.4687,-0.6051,-0.1584,-0.5699,0.7948,0.6257,0.01983,0.1196,0.5947,0.1155,0.9204,0.3841,0.7635,-0.02439,0.6596,0.7932,0.4852,0.4985,0.2951,0.8627,0.6243,-0.4453,0.08231,0.1583,0.1863,0.1168,0.2636,0.487,-0.6327,-0.1001,0.1574,0.07016,0.5706,0.005953,0.004909,-0.8013,-0.2898,-0.283,-0.6776,-0.704,-0.3466,-0.7216,-0.2523
Acetalax,0.1791,0.2442,-0.3478,0.4468,-0.6947,-0.5375,0.4962,-0.1014,-0.01204,-0.07863,-0.1062,-0.3621,0.1341,-0.1831,0.3874,-0.4667,-0.3694,-0.5575,-0.04105,-0.2611,-0.2916,0.6041,-0.1722,0.1716,0.3239,-0.8268,-0.1511,-0.2458,-0.5663,0.3666,0.2743,-0.4882,0.5062,0.2725,-0.02737,-0.02601,-0.2877,0.5367,0.4105,0.2165,0.2859,-0.08612,0.3661,0.6166,0.4337,0.4858,0.06551,-0.01641,-0.06925,0.08555,-0.02572,-0.08779,-0.2831,0.03326
WIKI4,0.2079,-0.3159,0.2307,-0.4319,-0.7539,0.5473,-0.1243,0.07091,-0.2306,0.1193,-0.1252,-0.04984,-0.002896,-0.4399,0.3517,-0.09663,0.4923,-0.1823,0.04507,-0.307,-0.474,0.1776,-0.02546,0.197,-0.3102,-0.01316,0.3132,0.07215,-0.3511,-0.2856,0.613,0.02434,0.2944,0.2278,-0.4552,0.1112,0.02928,0.5688,0.1356,-0.206,0.11,-0.05337,0.1359,0.4759,0.2712,0.02568,-0.268,-0.04167,0.5161,0.09779,-0.4316,0.3816,-0.1202,-0.2969
ABT737,0.2118,-0.01304,0.3461,0.1468,-0.1136,0.2284,0.3386,-0.05913,0.1612,0.3148,0.153,0.3541,0.3813,0.2061,0.242,0.1445,0.323,0.05131,0.2343,0.2787,-0.4572,0.3949,0.1417,0.3741,-0.03058,0.306,0.1001,0.1534,0.4022,0.3199,0.5722,0.1291,0.4088,0.1368,0.0118,0.1764,0.1661,0.3897,0.4432,0.4078,0.4441,0.2258,0.4385,0.1976,0.3122,0.2827,0.2065,-0.1496,0.1722,0.2141,0.2128,0.1986,-0.04686,0.06122
Dasatinib,0.3184,0.5731,0.515,0.7261,0.1467,0.7194,0.358,0.4063,0.4765,0.8129,-0.4485,0.6346,-0.5184,-0.3927,-0.3669,0.5852,0.3467,0.1757,-0.2842,-0.09626,0.7127,-0.302,0.01352,0.2507,0.1267,-0.5051,-0.2855,-0.2034,0.4462,0.02298,-0.4526,0.3404,-0.5564,-0.5449,0.1817,0.03938,-0.1805,0.1531,0.2825,0.1245,0.2992,-0.03615,0.6238,0.3679,0.007605,0.2136,-0.3431,0.2812,-0.09711,0.2929,-0.4238,-0.0921,0.3664,0.5165
WEHI-539,0.3285,-0.264,0.4087,0.2598,-0.1053,0.3543,0.2249,-0.005589,0.2446,0.2762,0.4178,0.2608,0.06651,-0.4268,0.07155,0.1875,0.179,-0.1743,0.03267,0.147,-0.1952,0.317,-0.001227,0.1049,-0.2809,-0.1036,-0.1805,-0.02161,0.3685,0.2079,0.03629,0.0804,0.04857,-0.2372,0.07379,0.008328,-0.1558,0.3477,0.2095,0.1883,0.2339,0.304,0.2656,0.1405,0.2169,0.2033,0.2594,0.06411,-0.151,0.3958,0.3012,-0.2893,0.278,0.02387
Dihydrorotenone,0.4521,0.2101,-0.2904,0.2368,-0.07161,0.2749,0.3053,-0.247,-0.06228,-0.2627,0.1526,-0.6689,0.0008742,0.216,0.1375,-0.7148,0.02373,-0.02541,0.2293,-0.09451,-0.3275,0.01374,0.685,0.6641,0.5909,-0.187,0.4369,0.58,-0.02411,-0.1793,0.4639,-0.4593,0.4471,0.1771,0.332,0.048,0.4027,0.2331,-0.08685,0.08404,0.1114,-0.3801,0.1951,0.1449,0.2815,0.3099,0.099,-0.002051,0.2323,-0.1761,-0.1167,0.1058,-0.163,-0.2401
Sapitinib,0.4881,0.6092,0.6911,0.6159,-0.3467,-0.01194,0.3352,0.3935,0.6136,0.9509,0.1802,0.4897,-0.8312,-0.0739,-1.191,0.313,-0.9276,-0.4118,-0.5111,-0.1082,0.3981,0.5919,-0.08534,0.2943,-0.3517,-1.343,-0.7364,-0.7789,-0.3485,0.4415,-0.947,-0.02745,-0.5689,-1.098,0.334,-0.5449,-1.009,0.6179,0.6844,0.6109,0.414,0.5501,0.6552,0.7615,0.3978,0.5274,0.1634,0.06953,-0.4076,0.5208,-0.516,-1.253,0.2887,0.5918
